timestamp,index,name,memory.used.MiB,memory.total.MiB,utilization.gpu,power.draw.W
2026/08/17 13:12:58.719, 0, NVIDIA A100-SXM4-80GB, 0, 81920, 0, 64.43
2026/08/17 13:12:59.760, 0, NVIDIA A100-SXM4-80GB, 0, 81920, 0, 64.43
2026/08/17 13:13:00.798, 0, NVIDIA A100-SXM4-80GB, 0, 81920, 0, 64.43
2026/08/17 13:13:01.835, 0, NVIDIA A100-SXM4-80GB, 0, 81920, 0, 64.43
2026/08/17 13:13:02.874, 0, NVIDIA A100-SXM4-80GB, 0, 81920, 0, 64.43
2026/08/17 13:13:03.912, 0, NVIDIA A100-SXM4-80GB, 0, 81920, 0, 64.35
2026/08/17 13:13:04.952, 0, NVIDIA A100-SXM4-80GB, 4, 81920, 0, 64.43
2026/08/17 13:13:05.993, 0, NVIDIA A100-SXM4-80GB, 4, 81920, 0, 64.43
2026/08/17 13:13:07.033, 0, NVIDIA A100-SXM4-80GB, 422, 81920, 3, 66.88
2026/08/17 13:13:08.072, 0, NVIDIA A100-SXM4-80GB, 422, 81920, 0, 66.88
2026/08/17 13:13:09.110, 0, NVIDIA A100-SXM4-80GB, 422, 81920, 0, 66.88
2026/08/17 13:13:10.147, 0, NVIDIA A100-SXM4-80GB, 422, 81920, 0, 66.88
2026/08/17 13:13:11.185, 0, NVIDIA A100-SXM4-80GB, 422, 81920, 0, 66.88
2026/08/17 13:13:12.223, 0, NVIDIA A100-SXM4-80GB, 422, 81920, 0, 66.88
2026/08/17 13:13:13.260, 0, NVIDIA A100-SXM4-80GB, 422, 81920, 0, 66.88
2026/08/17 13:13:14.299, 0, NVIDIA A100-SXM4-80GB, 422, 81920, 0, 66.88
2026/08/17 13:13:15.338, 0, NVIDIA A100-SXM4-80GB, 422, 81920, 0, 66.88
2026/08/17 13:13:16.379, 0, NVIDIA A100-SXM4-80GB, 422, 81920, 0, 66.80
2026/08/17 13:13:17.417, 0, NVIDIA A100-SXM4-80GB, 5208, 81920, 8, 68.17
2026/08/17 13:13:18.456, 0, NVIDIA A100-SXM4-80GB, 10714, 81920, 11, 69.28
2026/08/17 13:13:19.496, 0, NVIDIA A100-SXM4-80GB, 16564, 81920, 37, 67.64
2026/08/17 13:13:20.538, 0, NVIDIA A100-SXM4-80GB, 22396, 81920, 40, 67.93
2026/08/17 13:13:21.576, 0, NVIDIA A100-SXM4-80GB, 24032, 81920, 0, 67.11
2026/08/17 13:13:22.618, 0, NVIDIA A100-SXM4-80GB, 30608, 81920, 83, 286.42
2026/08/17 13:13:23.657, 0, NVIDIA A100-SXM4-80GB, 30752, 81920, 85, 270.84
2026/08/17 13:13:24.701, 0, NVIDIA A100-SXM4-80GB, 30858, 81920, 100, 261.28
2026/08/17 13:13:25.740, 0, NVIDIA A100-SXM4-80GB, 32658, 81920, 100, 247.41
2026/08/17 13:13:26.777, 0, NVIDIA A100-SXM4-80GB, 32658, 81920, 100, 268.24
2026/08/17 13:13:27.815, 0, NVIDIA A100-SXM4-80GB, 32658, 81920, 87, 266.08
2026/08/17 13:13:28.857, 0, NVIDIA A100-SXM4-80GB, 32658, 81920, 100, 274.14
2026/08/17 13:13:29.894, 0, NVIDIA A100-SXM4-80GB, 32658, 81920, 100, 246.60
2026/08/17 13:13:30.936, 0, NVIDIA A100-SXM4-80GB, 32658, 81920, 100, 266.34
2026/08/17 13:13:31.974, 0, NVIDIA A100-SXM4-80GB, 32658, 81920, 100, 257.30
2026/08/17 13:13:33.011, 0, NVIDIA A100-SXM4-80GB, 32658, 81920, 100, 265.31
2026/08/17 13:13:34.049, 0, NVIDIA A100-SXM4-80GB, 32658, 81920, 100, 285.32
2026/08/17 13:13:35.090, 0, NVIDIA A100-SXM4-80GB, 32658, 81920, 100, 249.52
2026/08/17 13:13:36.127, 0, NVIDIA A100-SXM4-80GB, 32658, 81920, 100, 278.12
2026/08/17 13:13:37.169, 0, NVIDIA A100-SXM4-80GB, 32658, 81920, 100, 230.57
2026/08/17 13:13:38.208, 0, NVIDIA A100-SXM4-80GB, 32658, 81920, 98, 277.51
2026/08/17 13:13:39.247, 0, NVIDIA A100-SXM4-80GB, 32658, 81920, 94, 259.93
2026/08/17 13:13:40.286, 0, NVIDIA A100-SXM4-80GB, 32658, 81920, 98, 284.26
2026/08/17 13:13:41.330, 0, NVIDIA A100-SXM4-80GB, 32658, 81920, 88, 272.50
2026/08/17 13:13:42.367, 0, NVIDIA A100-SXM4-80GB, 32658, 81920, 100, 242.85
2026/08/17 13:13:43.412, 0, NVIDIA A100-SXM4-80GB, 32658, 81920, 100, 269.58
2026/08/17 13:13:44.450, 0, NVIDIA A100-SXM4-80GB, 32658, 81920, 100, 272.18
2026/08/17 13:13:45.491, 0, NVIDIA A100-SXM4-80GB, 32658, 81920, 100, 248.17
2026/08/17 13:13:46.529, 0, NVIDIA A100-SXM4-80GB, 32658, 81920, 37, 275.20
2026/08/17 13:13:47.569, 0, NVIDIA A100-SXM4-80GB, 32658, 81920, 100, 259.17
2026/08/17 13:13:48.608, 0, NVIDIA A100-SXM4-80GB, 32658, 81920, 98, 247.94
2026/08/17 13:13:49.646, 0, NVIDIA A100-SXM4-80GB, 32658, 81920, 100, 263.65
2026/08/17 13:13:50.684, 0, NVIDIA A100-SXM4-80GB, 32658, 81920, 100, 267.39
2026/08/17 13:13:51.729, 0, NVIDIA A100-SXM4-80GB, 32658, 81920, 98, 270.64
2026/08/17 13:13:52.768, 0, NVIDIA A100-SXM4-80GB, 32658, 81920, 100, 269.29
2026/08/17 13:13:53.807, 0, NVIDIA A100-SXM4-80GB, 32658, 81920, 100, 259.70
2026/08/17 13:13:54.845, 0, NVIDIA A100-SXM4-80GB, 32658, 81920, 100, 250.62
2026/08/17 13:13:55.889, 0, NVIDIA A100-SXM4-80GB, 32658, 81920, 100, 246.60
2026/08/17 13:13:56.928, 0, NVIDIA A100-SXM4-80GB, 32658, 81920, 98, 264.93
2026/08/17 13:13:57.966, 0, NVIDIA A100-SXM4-80GB, 32658, 81920, 100, 262.91
2026/08/17 13:13:59.003, 0, NVIDIA A100-SXM4-80GB, 32658, 81920, 100, 259.17
2026/08/17 13:14:00.042, 0, NVIDIA A100-SXM4-80GB, 32658, 81920, 98, 245.01
2026/08/17 13:14:01.080, 0, NVIDIA A100-SXM4-80GB, 32658, 81920, 30, 256.70
2026/08/17 13:14:02.120, 0, NVIDIA A100-SXM4-80GB, 32658, 81920, 87, 267.64
2026/08/17 13:14:03.160, 0, NVIDIA A100-SXM4-80GB, 32658, 81920, 100, 166.17
2026/08/17 13:14:04.199, 0, NVIDIA A100-SXM4-80GB, 32658, 81920, 100, 269.05
2026/08/17 13:14:05.238, 0, NVIDIA A100-SXM4-80GB, 32658, 81920, 100, 271.98
2026/08/17 13:14:06.276, 0, NVIDIA A100-SXM4-80GB, 33030, 81920, 38, 261.04
2026/08/17 13:14:07.315, 0, NVIDIA A100-SXM4-80GB, 33086, 81920, 87, 290.40
2026/08/17 13:14:08.353, 0, NVIDIA A100-SXM4-80GB, 33158, 81920, 99, 132.11
2026/08/17 13:14:09.392, 0, NVIDIA A100-SXM4-80GB, 33158, 81920, 100, 251.92
2026/08/17 13:14:10.429, 0, NVIDIA A100-SXM4-80GB, 33160, 81920, 100, 283.74
2026/08/17 13:14:11.468, 0, NVIDIA A100-SXM4-80GB, 33160, 81920, 100, 146.29
2026/08/17 13:14:12.509, 0, NVIDIA A100-SXM4-80GB, 33160, 81920, 100, 250.62
2026/08/17 13:14:13.549, 0, NVIDIA A100-SXM4-80GB, 33160, 81920, 98, 270.64
2026/08/17 13:14:14.588, 0, NVIDIA A100-SXM4-80GB, 33160, 81920, 100, 277.51
2026/08/17 13:14:15.629, 0, NVIDIA A100-SXM4-80GB, 33160, 81920, 100, 266.36
2026/08/17 13:14:16.667, 0, NVIDIA A100-SXM4-80GB, 33160, 81920, 100, 263.96
2026/08/17 13:14:17.710, 0, NVIDIA A100-SXM4-80GB, 33160, 81920, 100, 278.08
2026/08/17 13:14:18.750, 0, NVIDIA A100-SXM4-80GB, 33160, 81920, 100, 262.38
2026/08/17 13:14:19.788, 0, NVIDIA A100-SXM4-80GB, 33160, 81920, 100, 266.36
2026/08/17 13:14:20.825, 0, NVIDIA A100-SXM4-80GB, 33160, 81920, 100, 242.56
2026/08/17 13:14:21.868, 0, NVIDIA A100-SXM4-80GB, 33160, 81920, 100, 263.44
2026/08/17 13:14:22.907, 0, NVIDIA A100-SXM4-80GB, 33160, 81920, 100, 256.48
2026/08/17 13:14:23.947, 0, NVIDIA A100-SXM4-80GB, 33160, 81920, 98, 258.35
2026/08/17 13:14:24.988, 0, NVIDIA A100-SXM4-80GB, 33160, 81920, 100, 264.49
2026/08/17 13:14:26.029, 0, NVIDIA A100-SXM4-80GB, 33160, 81920, 100, 267.18
2026/08/17 13:14:27.069, 0, NVIDIA A100-SXM4-80GB, 33160, 81920, 100, 257.30
2026/08/17 13:14:28.111, 0, NVIDIA A100-SXM4-80GB, 33160, 81920, 100, 274.66
2026/08/17 13:14:29.149, 0, NVIDIA A100-SXM4-80GB, 33160, 81920, 100, 271.45
2026/08/17 13:14:30.187, 0, NVIDIA A100-SXM4-80GB, 33160, 81920, 100, 258.06
2026/08/17 13:14:31.226, 0, NVIDIA A100-SXM4-80GB, 33160, 81920, 100, 263.65
2026/08/17 13:14:32.265, 0, NVIDIA A100-SXM4-80GB, 33160, 81920, 100, 270.84
2026/08/17 13:14:33.304, 0, NVIDIA A100-SXM4-80GB, 33160, 81920, 100, 278.41
2026/08/17 13:14:34.341, 0, NVIDIA A100-SXM4-80GB, 33160, 81920, 100, 250.57
2026/08/17 13:14:35.388, 0, NVIDIA A100-SXM4-80GB, 33160, 81920, 95, 211.61
2026/08/17 13:14:36.426, 0, NVIDIA A100-SXM4-80GB, 33160, 81920, 100, 272.71
2026/08/17 13:14:37.465, 0, NVIDIA A100-SXM4-80GB, 33160, 81920, 88, 267.64
2026/08/17 13:14:38.503, 0, NVIDIA A100-SXM4-80GB, 33160, 81920, 100, 248.46
2026/08/17 13:14:39.546, 0, NVIDIA A100-SXM4-80GB, 33160, 81920, 100, 196.65
2026/08/17 13:14:40.585, 0, NVIDIA A100-SXM4-80GB, 33160, 81920, 87, 264.49
2026/08/17 13:14:41.625, 0, NVIDIA A100-SXM4-80GB, 33160, 81920, 100, 249.52
2026/08/17 13:14:42.663, 0, NVIDIA A100-SXM4-80GB, 33160, 81920, 97, 284.02
2026/08/17 13:14:43.701, 0, NVIDIA A100-SXM4-80GB, 33160, 81920, 100, 259.70
2026/08/17 13:14:44.739, 0, NVIDIA A100-SXM4-80GB, 33160, 81920, 100, 274.90
2026/08/17 13:14:45.783, 0, NVIDIA A100-SXM4-80GB, 33160, 81920, 85, 263.44
2026/08/17 13:14:46.820, 0, NVIDIA A100-SXM4-80GB, 33160, 81920, 100, 281.34
2026/08/17 13:14:47.863, 0, NVIDIA A100-SXM4-80GB, 33160, 81920, 100, 129.47
2026/08/17 13:14:48.900, 0, NVIDIA A100-SXM4-80GB, 33160, 81920, 100, 253.55
2026/08/17 13:14:49.943, 0, NVIDIA A100-SXM4-80GB, 33160, 81920, 100, 267.92
2026/08/17 13:14:50.980, 0, NVIDIA A100-SXM4-80GB, 33160, 81920, 98, 264.47
2026/08/17 13:14:52.018, 0, NVIDIA A100-SXM4-80GB, 33160, 81920, 100, 274.58
2026/08/17 13:14:53.055, 0, NVIDIA A100-SXM4-80GB, 33160, 81920, 100, 171.50
2026/08/17 13:14:54.100, 0, NVIDIA A100-SXM4-80GB, 33160, 81920, 100, 265.84
2026/08/17 13:14:55.137, 0, NVIDIA A100-SXM4-80GB, 33160, 81920, 100, 260.75
2026/08/17 13:14:56.178, 0, NVIDIA A100-SXM4-80GB, 33160, 81920, 100, 249.28
2026/08/17 13:14:57.216, 0, NVIDIA A100-SXM4-80GB, 33160, 81920, 98, 280.81
2026/08/17 13:14:58.259, 0, NVIDIA A100-SXM4-80GB, 33160, 81920, 100, 291.74
2026/08/17 13:14:59.296, 0, NVIDIA A100-SXM4-80GB, 33160, 81920, 100, 263.58
2026/08/17 13:15:00.343, 0, NVIDIA A100-SXM4-80GB, 33160, 81920, 100, 271.95
2026/08/17 13:15:01.383, 0, NVIDIA A100-SXM4-80GB, 33160, 81920, 100, 267.11
2026/08/17 13:15:02.424, 0, NVIDIA A100-SXM4-80GB, 33160, 81920, 100, 273.85
2026/08/17 13:15:03.463, 0, NVIDIA A100-SXM4-80GB, 33160, 81920, 100, 275.96
2026/08/17 13:15:04.502, 0, NVIDIA A100-SXM4-80GB, 33160, 81920, 100, 258.35
2026/08/17 13:15:05.543, 0, NVIDIA A100-SXM4-80GB, 33160, 81920, 100, 269.29
2026/08/17 13:15:06.584, 0, NVIDIA A100-SXM4-80GB, 33160, 81920, 100, 250.34
2026/08/17 13:15:07.622, 0, NVIDIA A100-SXM4-80GB, 33160, 81920, 87, 271.69
2026/08/17 13:15:08.661, 0, NVIDIA A100-SXM4-80GB, 33160, 81920, 87, 267.95
2026/08/17 13:15:09.699, 0, NVIDIA A100-SXM4-80GB, 33160, 81920, 100, 255.42
2026/08/17 13:15:10.737, 0, NVIDIA A100-SXM4-80GB, 33160, 81920, 87, 268.24
2026/08/17 13:15:11.777, 0, NVIDIA A100-SXM4-80GB, 33160, 81920, 87, 292.56
2026/08/17 13:15:12.820, 0, NVIDIA A100-SXM4-80GB, 33160, 81920, 100, 266.08
2026/08/17 13:15:13.861, 0, NVIDIA A100-SXM4-80GB, 33160, 81920, 100, 267.39
2026/08/17 13:15:14.900, 0, NVIDIA A100-SXM4-80GB, 33160, 81920, 100, 295.67
2026/08/17 13:15:15.937, 0, NVIDIA A100-SXM4-80GB, 33160, 81920, 100, 259.39
2026/08/17 13:15:16.980, 0, NVIDIA A100-SXM4-80GB, 33160, 81920, 98, 275.43
2026/08/17 13:15:18.019, 0, NVIDIA A100-SXM4-80GB, 33160, 81920, 100, 280.28
2026/08/17 13:15:19.063, 0, NVIDIA A100-SXM4-80GB, 33160, 81920, 100, 252.45
2026/08/17 13:15:20.102, 0, NVIDIA A100-SXM4-80GB, 33160, 81920, 100, 195.77
2026/08/17 13:15:21.142, 0, NVIDIA A100-SXM4-80GB, 33160, 81920, 100, 259.70
2026/08/17 13:15:22.180, 0, NVIDIA A100-SXM4-80GB, 33160, 81920, 87, 199.86
2026/08/17 13:15:23.221, 0, NVIDIA A100-SXM4-80GB, 33160, 81920, 100, 264.49
2026/08/17 13:15:24.258, 0, NVIDIA A100-SXM4-80GB, 33160, 81920, 100, 253.79
2026/08/17 13:15:25.295, 0, NVIDIA A100-SXM4-80GB, 33160, 81920, 100, 272.80
2026/08/17 13:15:26.338, 0, NVIDIA A100-SXM4-80GB, 33160, 81920, 87, 278.41
2026/08/17 13:15:27.375, 0, NVIDIA A100-SXM4-80GB, 33160, 81920, 99, 260.51
2026/08/17 13:15:28.418, 0, NVIDIA A100-SXM4-80GB, 33160, 81920, 91, 273.53
2026/08/17 13:15:29.457, 0, NVIDIA A100-SXM4-80GB, 33160, 81920, 100, 277.30
2026/08/17 13:15:30.504, 0, NVIDIA A100-SXM4-80GB, 33160, 81920, 100, 278.94
2026/08/17 13:15:31.544, 0, NVIDIA A100-SXM4-80GB, 33160, 81920, 100, 281.24
2026/08/17 13:15:32.598, 0, NVIDIA A100-SXM4-80GB, 33160, 81920, 87, 270.32
2026/08/17 13:15:33.637, 0, NVIDIA A100-SXM4-80GB, 33160, 81920, 100, 184.07
2026/08/17 13:15:34.675, 0, NVIDIA A100-SXM4-80GB, 33160, 81920, 100, 262.84
2026/08/17 13:15:35.714, 0, NVIDIA A100-SXM4-80GB, 33160, 81920, 100, 265.55
2026/08/17 13:15:36.754, 0, NVIDIA A100-SXM4-80GB, 33160, 81920, 100, 262.91
2026/08/17 13:15:37.792, 0, NVIDIA A100-SXM4-80GB, 33160, 81920, 100, 266.08
2026/08/17 13:15:38.836, 0, NVIDIA A100-SXM4-80GB, 33160, 81920, 87, 272.50
2026/08/17 13:15:39.874, 0, NVIDIA A100-SXM4-80GB, 33160, 81920, 100, 274.58
2026/08/17 13:15:40.917, 0, NVIDIA A100-SXM4-80GB, 33160, 81920, 52, 275.20
2026/08/17 13:15:41.955, 0, NVIDIA A100-SXM4-80GB, 33160, 81920, 96, 261.28
2026/08/17 13:15:42.998, 0, NVIDIA A100-SXM4-80GB, 33160, 81920, 100, 260.51
2026/08/17 13:15:44.038, 0, NVIDIA A100-SXM4-80GB, 33160, 81920, 100, 253.50
2026/08/17 13:15:45.079, 0, NVIDIA A100-SXM4-80GB, 33160, 81920, 100, 271.14
2026/08/17 13:15:46.117, 0, NVIDIA A100-SXM4-80GB, 33160, 81920, 98, 259.63
2026/08/17 13:15:47.156, 0, NVIDIA A100-SXM4-80GB, 33160, 81920, 87, 271.16
2026/08/17 13:15:48.194, 0, NVIDIA A100-SXM4-80GB, 33160, 81920, 100, 185.65
2026/08/17 13:15:49.234, 0, NVIDIA A100-SXM4-80GB, 33160, 81920, 100, 278.65
2026/08/17 13:15:50.271, 0, NVIDIA A100-SXM4-80GB, 33160, 81920, 98, 263.89
2026/08/17 13:15:51.318, 0, NVIDIA A100-SXM4-80GB, 33160, 81920, 100, 281.82
2026/08/17 13:15:52.357, 0, NVIDIA A100-SXM4-80GB, 33160, 81920, 87, 295.20
2026/08/17 13:15:53.394, 0, NVIDIA A100-SXM4-80GB, 33160, 81920, 100, 265.55
2026/08/17 13:15:54.434, 0, NVIDIA A100-SXM4-80GB, 33160, 81920, 100, 271.98
2026/08/17 13:15:55.476, 0, NVIDIA A100-SXM4-80GB, 33160, 81920, 100, 243.38
2026/08/17 13:15:56.513, 0, NVIDIA A100-SXM4-80GB, 33160, 81920, 98, 238.29
2026/08/17 13:15:57.556, 0, NVIDIA A100-SXM4-80GB, 33160, 81920, 98, 252.96
2026/08/17 13:15:58.594, 0, NVIDIA A100-SXM4-80GB, 33160, 81920, 100, 264.47
2026/08/17 13:15:59.635, 0, NVIDIA A100-SXM4-80GB, 33160, 81920, 100, 253.55
2026/08/17 13:16:00.674, 0, NVIDIA A100-SXM4-80GB, 33160, 81920, 98, 269.29
2026/08/17 13:16:01.716, 0, NVIDIA A100-SXM4-80GB, 33160, 81920, 100, 284.02
2026/08/17 13:16:02.753, 0, NVIDIA A100-SXM4-80GB, 33160, 81920, 98, 287.72
2026/08/17 13:16:03.796, 0, NVIDIA A100-SXM4-80GB, 33160, 81920, 87, 267.18
2026/08/17 13:16:04.834, 0, NVIDIA A100-SXM4-80GB, 33160, 81920, 100, 229.77
2026/08/17 13:16:05.876, 0, NVIDIA A100-SXM4-80GB, 33160, 81920, 55, 91.60
2026/08/17 13:16:06.916, 0, NVIDIA A100-SXM4-80GB, 33160, 81920, 100, 252.21
2026/08/17 13:16:07.955, 0, NVIDIA A100-SXM4-80GB, 33160, 81920, 100, 265.53
2026/08/17 13:16:08.992, 0, NVIDIA A100-SXM4-80GB, 33160, 81920, 98, 268.45
2026/08/17 13:16:10.037, 0, NVIDIA A100-SXM4-80GB, 33160, 81920, 100, 239.92
2026/08/17 13:16:11.075, 0, NVIDIA A100-SXM4-80GB, 33160, 81920, 98, 251.91
2026/08/17 13:16:12.115, 0, NVIDIA A100-SXM4-80GB, 33160, 81920, 98, 275.40
2026/08/17 13:16:13.153, 0, NVIDIA A100-SXM4-80GB, 33160, 81920, 88, 269.26
2026/08/17 13:16:14.195, 0, NVIDIA A100-SXM4-80GB, 33160, 81920, 100, 269.29
2026/08/17 13:16:15.233, 0, NVIDIA A100-SXM4-80GB, 33160, 81920, 100, 276.54
2026/08/17 13:16:16.276, 0, NVIDIA A100-SXM4-80GB, 33160, 81920, 100, 253.02
2026/08/17 13:16:17.315, 0, NVIDIA A100-SXM4-80GB, 33160, 81920, 100, 261.80
2026/08/17 13:16:18.363, 0, NVIDIA A100-SXM4-80GB, 33160, 81920, 100, 272.27
2026/08/17 13:16:19.406, 0, NVIDIA A100-SXM4-80GB, 33160, 81920, 100, 260.20
2026/08/17 13:16:20.445, 0, NVIDIA A100-SXM4-80GB, 33160, 81920, 100, 253.79
2026/08/17 13:16:21.484, 0, NVIDIA A100-SXM4-80GB, 33160, 81920, 100, 270.32
2026/08/17 13:16:22.521, 0, NVIDIA A100-SXM4-80GB, 33160, 81920, 100, 269.29
2026/08/17 13:16:23.560, 0, NVIDIA A100-SXM4-80GB, 33160, 81920, 100, 273.00
2026/08/17 13:16:24.598, 0, NVIDIA A100-SXM4-80GB, 33160, 81920, 100, 262.07
2026/08/17 13:16:25.639, 0, NVIDIA A100-SXM4-80GB, 33160, 81920, 100, 273.00
2026/08/17 13:16:26.678, 0, NVIDIA A100-SXM4-80GB, 33160, 81920, 100, 278.08
2026/08/17 13:16:27.720, 0, NVIDIA A100-SXM4-80GB, 33160, 81920, 100, 264.49
2026/08/17 13:16:28.758, 0, NVIDIA A100-SXM4-80GB, 33160, 81920, 100, 259.93
2026/08/17 13:16:29.796, 0, NVIDIA A100-SXM4-80GB, 33160, 81920, 87, 277.60
2026/08/17 13:16:30.834, 0, NVIDIA A100-SXM4-80GB, 33160, 81920, 100, 239.92
2026/08/17 13:16:31.875, 0, NVIDIA A100-SXM4-80GB, 33160, 81920, 100, 258.58
2026/08/17 13:16:32.913, 0, NVIDIA A100-SXM4-80GB, 33160, 81920, 87, 271.69
2026/08/17 13:16:33.954, 0, NVIDIA A100-SXM4-80GB, 33160, 81920, 100, 243.66
2026/08/17 13:16:34.992, 0, NVIDIA A100-SXM4-80GB, 33160, 81920, 87, 276.78
2026/08/17 13:16:36.031, 0, NVIDIA A100-SXM4-80GB, 33160, 81920, 100, 264.78
2026/08/17 13:16:37.070, 0, NVIDIA A100-SXM4-80GB, 33160, 81920, 100, 255.66
2026/08/17 13:16:38.115, 0, NVIDIA A100-SXM4-80GB, 33160, 81920, 100, 268.76
2026/08/17 13:16:39.153, 0, NVIDIA A100-SXM4-80GB, 33160, 81920, 87, 271.16
2026/08/17 13:16:40.191, 0, NVIDIA A100-SXM4-80GB, 33160, 81920, 100, 230.04
2026/08/17 13:16:41.230, 0, NVIDIA A100-SXM4-80GB, 33160, 81920, 100, 230.57
2026/08/17 13:16:42.269, 0, NVIDIA A100-SXM4-80GB, 33160, 81920, 100, 256.48
2026/08/17 13:16:43.307, 0, NVIDIA A100-SXM4-80GB, 33160, 81920, 100, 255.95
2026/08/17 13:16:44.346, 0, NVIDIA A100-SXM4-80GB, 33160, 81920, 100, 267.95
2026/08/17 13:16:45.392, 0, NVIDIA A100-SXM4-80GB, 33160, 81920, 100, 280.52
2026/08/17 13:16:46.430, 0, NVIDIA A100-SXM4-80GB, 33160, 81920, 100, 276.98
2026/08/17 13:16:47.474, 0, NVIDIA A100-SXM4-80GB, 33160, 81920, 98, 278.85
2026/08/17 13:16:48.514, 0, NVIDIA A100-SXM4-80GB, 33160, 81920, 98, 265.24
2026/08/17 13:16:49.551, 0, NVIDIA A100-SXM4-80GB, 33160, 81920, 26, 260.22
2026/08/17 13:16:50.588, 0, NVIDIA A100-SXM4-80GB, 33160, 81920, 87, 268.52
2026/08/17 13:16:51.633, 0, NVIDIA A100-SXM4-80GB, 33160, 81920, 87, 285.80
2026/08/17 13:16:52.671, 0, NVIDIA A100-SXM4-80GB, 33160, 81920, 100, 262.84
2026/08/17 13:16:53.709, 0, NVIDIA A100-SXM4-80GB, 33160, 81920, 87, 269.29
2026/08/17 13:16:54.746, 0, NVIDIA A100-SXM4-80GB, 33160, 81920, 100, 124.38
2026/08/17 13:16:55.790, 0, NVIDIA A100-SXM4-80GB, 33160, 81920, 100, 279.99
2026/08/17 13:16:56.828, 0, NVIDIA A100-SXM4-80GB, 33160, 81920, 100, 254.32
2026/08/17 13:16:57.869, 0, NVIDIA A100-SXM4-80GB, 33160, 81920, 100, 265.76
2026/08/17 13:16:58.907, 0, NVIDIA A100-SXM4-80GB, 33160, 81920, 100, 273.24
2026/08/17 13:16:59.948, 0, NVIDIA A100-SXM4-80GB, 33160, 81920, 100, 274.06
2026/08/17 13:17:00.986, 0, NVIDIA A100-SXM4-80GB, 33160, 81920, 100, 256.48
2026/08/17 13:17:02.026, 0, NVIDIA A100-SXM4-80GB, 33160, 81920, 88, 271.98
2026/08/17 13:17:03.065, 0, NVIDIA A100-SXM4-80GB, 33160, 81920, 100, 257.54
2026/08/17 13:17:04.110, 0, NVIDIA A100-SXM4-80GB, 33160, 81920, 35, 265.31
2026/08/17 13:17:05.146, 0, NVIDIA A100-SXM4-80GB, 33160, 81920, 100, 274.58
2026/08/17 13:17:06.184, 0, NVIDIA A100-SXM4-80GB, 33160, 81920, 100, 244.72
2026/08/17 13:17:07.223, 0, NVIDIA A100-SXM4-80GB, 33160, 81920, 87, 284.55
2026/08/17 13:17:08.261, 0, NVIDIA A100-SXM4-80GB, 33160, 81920, 100, 269.82
2026/08/17 13:17:09.303, 0, NVIDIA A100-SXM4-80GB, 33160, 81920, 100, 274.87
2026/08/17 13:17:10.340, 0, NVIDIA A100-SXM4-80GB, 33160, 81920, 98, 261.28
2026/08/17 13:17:11.379, 0, NVIDIA A100-SXM4-80GB, 33160, 81920, 98, 278.08
2026/08/17 13:17:12.420, 0, NVIDIA A100-SXM4-80GB, 33160, 81920, 100, 271.98
2026/08/17 13:17:13.457, 0, NVIDIA A100-SXM4-80GB, 33160, 81920, 100, 270.60
2026/08/17 13:17:14.495, 0, NVIDIA A100-SXM4-80GB, 33160, 81920, 100, 263.37
2026/08/17 13:17:15.533, 0, NVIDIA A100-SXM4-80GB, 33160, 81920, 100, 256.99
2026/08/17 13:17:16.570, 0, NVIDIA A100-SXM4-80GB, 33160, 81920, 75, 91.47
2026/08/17 13:17:17.613, 0, NVIDIA A100-SXM4-80GB, 33160, 81920, 100, 263.37
2026/08/17 13:17:18.650, 0, NVIDIA A100-SXM4-80GB, 33160, 81920, 87, 185.44
2026/08/17 13:17:19.688, 0, NVIDIA A100-SXM4-80GB, 33160, 81920, 100, 268.21
2026/08/17 13:17:20.728, 0, NVIDIA A100-SXM4-80GB, 33160, 81920, 100, 266.36
2026/08/17 13:17:21.765, 0, NVIDIA A100-SXM4-80GB, 33160, 81920, 98, 242.85
2026/08/17 13:17:22.809, 0, NVIDIA A100-SXM4-80GB, 33160, 81920, 87, 268.21
2026/08/17 13:17:23.849, 0, NVIDIA A100-SXM4-80GB, 33160, 81920, 100, 280.52
2026/08/17 13:17:24.894, 0, NVIDIA A100-SXM4-80GB, 33160, 81920, 100, 268.76
2026/08/17 13:17:25.936, 0, NVIDIA A100-SXM4-80GB, 33160, 81920, 100, 224.14
2026/08/17 13:17:26.974, 0, NVIDIA A100-SXM4-80GB, 33160, 81920, 100, 237.52
2026/08/17 13:17:28.012, 0, NVIDIA A100-SXM4-80GB, 33160, 81920, 98, 262.60
2026/08/17 13:17:29.055, 0, NVIDIA A100-SXM4-80GB, 33160, 81920, 100, 272.18
2026/08/17 13:17:30.094, 0, NVIDIA A100-SXM4-80GB, 33160, 81920, 100, 245.25
2026/08/17 13:17:31.137, 0, NVIDIA A100-SXM4-80GB, 33160, 81920, 100, 239.36
2026/08/17 13:17:32.177, 0, NVIDIA A100-SXM4-80GB, 33160, 81920, 100, 279.18
2026/08/17 13:17:33.219, 0, NVIDIA A100-SXM4-80GB, 33160, 81920, 98, 258.88
2026/08/17 13:17:34.258, 0, NVIDIA A100-SXM4-80GB, 33160, 81920, 87, 270.40
2026/08/17 13:17:35.296, 0, NVIDIA A100-SXM4-80GB, 33160, 81920, 100, 257.52
2026/08/17 13:17:36.333, 0, NVIDIA A100-SXM4-80GB, 33160, 81920, 100, 267.64
2026/08/17 13:17:37.377, 0, NVIDIA A100-SXM4-80GB, 33160, 81920, 100, 261.56
2026/08/17 13:17:38.415, 0, NVIDIA A100-SXM4-80GB, 33160, 81920, 100, 275.43
2026/08/17 13:17:39.455, 0, NVIDIA A100-SXM4-80GB, 33160, 81920, 93, 262.91
2026/08/17 13:17:40.493, 0, NVIDIA A100-SXM4-80GB, 33160, 81920, 87, 273.56
2026/08/17 13:17:41.533, 0, NVIDIA A100-SXM4-80GB, 33160, 81920, 100, 273.24
2026/08/17 13:17:42.572, 0, NVIDIA A100-SXM4-80GB, 33160, 81920, 100, 237.24
2026/08/17 13:17:43.616, 0, NVIDIA A100-SXM4-80GB, 33160, 81920, 100, 260.97
2026/08/17 13:17:44.655, 0, NVIDIA A100-SXM4-80GB, 33160, 81920, 100, 267.70
2026/08/17 13:17:45.692, 0, NVIDIA A100-SXM4-80GB, 33160, 81920, 100, 270.08
2026/08/17 13:17:46.738, 0, NVIDIA A100-SXM4-80GB, 33160, 81920, 98, 279.70
2026/08/17 13:17:47.776, 0, NVIDIA A100-SXM4-80GB, 33160, 81920, 100, 238.87
2026/08/17 13:17:48.814, 0, NVIDIA A100-SXM4-80GB, 33160, 81920, 100, 254.82
2026/08/17 13:17:49.856, 0, NVIDIA A100-SXM4-80GB, 33160, 81920, 100, 249.28
2026/08/17 13:17:50.893, 0, NVIDIA A100-SXM4-80GB, 33160, 81920, 100, 287.67
2026/08/17 13:17:51.936, 0, NVIDIA A100-SXM4-80GB, 33160, 81920, 100, 266.87
2026/08/17 13:17:52.974, 0, NVIDIA A100-SXM4-80GB, 33160, 81920, 100, 268.98
2026/08/17 13:17:54.016, 0, NVIDIA A100-SXM4-80GB, 33160, 81920, 100, 272.71
2026/08/17 13:17:55.055, 0, NVIDIA A100-SXM4-80GB, 33160, 81920, 84, 273.53
2026/08/17 13:17:56.096, 0, NVIDIA A100-SXM4-80GB, 33160, 81920, 98, 261.79
2026/08/17 13:17:57.135, 0, NVIDIA A100-SXM4-80GB, 33160, 81920, 98, 265.55
2026/08/17 13:17:58.174, 0, NVIDIA A100-SXM4-80GB, 33160, 81920, 100, 277.30
2026/08/17 13:17:59.212, 0, NVIDIA A100-SXM4-80GB, 33160, 81920, 87, 92.29
2026/08/17 13:18:00.250, 0, NVIDIA A100-SXM4-80GB, 33160, 81920, 87, 289.06
2026/08/17 13:18:01.290, 0, NVIDIA A100-SXM4-80GB, 33160, 81920, 100, 259.39
2026/08/17 13:18:02.333, 0, NVIDIA A100-SXM4-80GB, 33160, 81920, 100, 259.63
2026/08/17 13:18:03.372, 0, NVIDIA A100-SXM4-80GB, 33160, 81920, 98, 259.17
2026/08/17 13:18:04.412, 0, NVIDIA A100-SXM4-80GB, 33160, 81920, 100, 259.93
2026/08/17 13:18:05.456, 0, NVIDIA A100-SXM4-80GB, 33160, 81920, 87, 267.18
2026/08/17 13:18:06.492, 0, NVIDIA A100-SXM4-80GB, 33160, 81920, 87, 270.92
2026/08/17 13:18:07.531, 0, NVIDIA A100-SXM4-80GB, 33160, 81920, 98, 261.56
2026/08/17 13:18:08.572, 0, NVIDIA A100-SXM4-80GB, 33160, 81920, 98, 256.46
2026/08/17 13:18:09.611, 0, NVIDIA A100-SXM4-80GB, 33160, 81920, 100, 281.53
2026/08/17 13:18:10.650, 0, NVIDIA A100-SXM4-80GB, 33160, 81920, 100, 255.36
2026/08/17 13:18:11.697, 0, NVIDIA A100-SXM4-80GB, 33160, 81920, 98, 281.24
2026/08/17 13:18:12.734, 0, NVIDIA A100-SXM4-80GB, 33160, 81920, 87, 265.53
2026/08/17 13:18:13.771, 0, NVIDIA A100-SXM4-80GB, 33160, 81920, 87, 274.90
2026/08/17 13:18:14.808, 0, NVIDIA A100-SXM4-80GB, 33160, 81920, 87, 281.24
2026/08/17 13:18:15.850, 0, NVIDIA A100-SXM4-80GB, 33160, 81920, 100, 257.52
2026/08/17 13:18:16.888, 0, NVIDIA A100-SXM4-80GB, 33160, 81920, 100, 266.05
2026/08/17 13:18:17.929, 0, NVIDIA A100-SXM4-80GB, 33160, 81920, 98, 268.24
2026/08/17 13:18:18.969, 0, NVIDIA A100-SXM4-80GB, 33160, 81920, 100, 274.38
2026/08/17 13:18:20.006, 0, NVIDIA A100-SXM4-80GB, 33160, 81920, 100, 255.66
2026/08/17 13:18:21.043, 0, NVIDIA A100-SXM4-80GB, 33160, 81920, 100, 254.08
2026/08/17 13:18:22.081, 0, NVIDIA A100-SXM4-80GB, 33160, 81920, 100, 265.02
2026/08/17 13:18:23.121, 0, NVIDIA A100-SXM4-80GB, 33160, 81920, 100, 253.26
2026/08/17 13:18:24.161, 0, NVIDIA A100-SXM4-80GB, 33160, 81920, 98, 259.70
2026/08/17 13:18:25.199, 0, NVIDIA A100-SXM4-80GB, 33160, 81920, 87, 266.89
2026/08/17 13:18:26.236, 0, NVIDIA A100-SXM4-80GB, 33160, 81920, 100, 266.36
2026/08/17 13:18:27.278, 0, NVIDIA A100-SXM4-80GB, 33160, 81920, 100, 261.80
2026/08/17 13:18:28.318, 0, NVIDIA A100-SXM4-80GB, 33160, 81920, 98, 272.50
2026/08/17 13:18:29.361, 0, NVIDIA A100-SXM4-80GB, 33160, 81920, 87, 268.98
2026/08/17 13:18:30.400, 0, NVIDIA A100-SXM4-80GB, 33160, 81920, 87, 274.26
2026/08/17 13:18:31.437, 0, NVIDIA A100-SXM4-80GB, 33160, 81920, 100, 252.73
2026/08/17 13:18:32.477, 0, NVIDIA A100-SXM4-80GB, 33160, 81920, 98, 259.17
2026/08/17 13:18:33.515, 0, NVIDIA A100-SXM4-80GB, 33160, 81920, 100, 238.06
2026/08/17 13:18:34.557, 0, NVIDIA A100-SXM4-80GB, 33160, 81920, 100, 250.34
2026/08/17 13:18:35.595, 0, NVIDIA A100-SXM4-80GB, 33160, 81920, 83, 270.40
2026/08/17 13:18:36.633, 0, NVIDIA A100-SXM4-80GB, 33160, 81920, 100, 266.27
2026/08/17 13:18:37.670, 0, NVIDIA A100-SXM4-80GB, 33160, 81920, 100, 275.96
2026/08/17 13:18:38.709, 0, NVIDIA A100-SXM4-80GB, 33160, 81920, 100, 259.10
2026/08/17 13:18:39.750, 0, NVIDIA A100-SXM4-80GB, 33160, 81920, 100, 259.93
2026/08/17 13:18:40.788, 0, NVIDIA A100-SXM4-80GB, 33160, 81920, 100, 255.66
2026/08/17 13:18:41.829, 0, NVIDIA A100-SXM4-80GB, 33160, 81920, 100, 260.51
2026/08/17 13:18:42.868, 0, NVIDIA A100-SXM4-80GB, 33160, 81920, 100, 269.82
2026/08/17 13:18:43.906, 0, NVIDIA A100-SXM4-80GB, 33160, 81920, 100, 286.09
2026/08/17 13:18:44.944, 0, NVIDIA A100-SXM4-80GB, 33160, 81920, 87, 270.08
2026/08/17 13:18:45.983, 0, NVIDIA A100-SXM4-80GB, 33160, 81920, 100, 248.99
2026/08/17 13:18:47.024, 0, NVIDIA A100-SXM4-80GB, 33160, 81920, 100, 279.70
2026/08/17 13:18:48.064, 0, NVIDIA A100-SXM4-80GB, 33160, 81920, 100, 258.88
2026/08/17 13:18:49.102, 0, NVIDIA A100-SXM4-80GB, 33160, 81920, 100, 270.10
2026/08/17 13:18:50.144, 0, NVIDIA A100-SXM4-80GB, 33160, 81920, 100, 273.00
2026/08/17 13:18:51.182, 0, NVIDIA A100-SXM4-80GB, 33160, 81920, 100, 266.05
2026/08/17 13:18:52.224, 0, NVIDIA A100-SXM4-80GB, 33160, 81920, 100, 266.08
2026/08/17 13:18:53.278, 0, NVIDIA A100-SXM4-80GB, 33160, 81920, 100, 256.46
2026/08/17 13:18:54.320, 0, NVIDIA A100-SXM4-80GB, 33160, 81920, 100, 270.10
2026/08/17 13:18:55.380, 0, NVIDIA A100-SXM4-80GB, 33160, 81920, 100, 257.30
2026/08/17 13:18:56.424, 0, NVIDIA A100-SXM4-80GB, 33160, 81920, 98, 270.08
2026/08/17 13:18:57.466, 0, NVIDIA A100-SXM4-80GB, 33160, 81920, 100, 263.15
2026/08/17 13:18:58.507, 0, NVIDIA A100-SXM4-80GB, 33160, 81920, 100, 248.99
2026/08/17 13:18:59.545, 0, NVIDIA A100-SXM4-80GB, 33160, 81920, 100, 261.28
2026/08/17 13:19:00.590, 0, NVIDIA A100-SXM4-80GB, 33160, 81920, 100, 248.99
2026/08/17 13:19:01.630, 0, NVIDIA A100-SXM4-80GB, 33160, 81920, 100, 263.68
2026/08/17 13:19:02.668, 0, NVIDIA A100-SXM4-80GB, 33160, 81920, 100, 248.70
2026/08/17 13:19:03.710, 0, NVIDIA A100-SXM4-80GB, 33160, 81920, 100, 215.36
2026/08/17 13:19:04.748, 0, NVIDIA A100-SXM4-80GB, 33160, 81920, 100, 238.58
2026/08/17 13:19:05.789, 0, NVIDIA A100-SXM4-80GB, 33160, 81920, 98, 261.56
2026/08/17 13:19:06.830, 0, NVIDIA A100-SXM4-80GB, 33160, 81920, 87, 271.45
2026/08/17 13:19:07.869, 0, NVIDIA A100-SXM4-80GB, 33160, 81920, 100, 261.56
2026/08/17 13:19:08.908, 0, NVIDIA A100-SXM4-80GB, 33160, 81920, 100, 258.34
2026/08/17 13:19:09.947, 0, NVIDIA A100-SXM4-80GB, 33160, 81920, 100, 259.93
2026/08/17 13:19:10.988, 0, NVIDIA A100-SXM4-80GB, 33160, 81920, 100, 265.31
2026/08/17 13:19:12.030, 0, NVIDIA A100-SXM4-80GB, 33160, 81920, 100, 239.92
2026/08/17 13:19:13.071, 0, NVIDIA A100-SXM4-80GB, 33160, 81920, 98, 263.96
2026/08/17 13:19:14.109, 0, NVIDIA A100-SXM4-80GB, 33160, 81920, 100, 266.65
2026/08/17 13:19:15.147, 0, NVIDIA A100-SXM4-80GB, 33160, 81920, 100, 223.61
2026/08/17 13:19:16.193, 0, NVIDIA A100-SXM4-80GB, 33160, 81920, 100, 260.75
2026/08/17 13:19:17.231, 0, NVIDIA A100-SXM4-80GB, 33160, 81920, 87, 271.37
2026/08/17 13:19:18.271, 0, NVIDIA A100-SXM4-80GB, 33160, 81920, 100, 268.73
2026/08/17 13:19:19.311, 0, NVIDIA A100-SXM4-80GB, 33160, 81920, 100, 271.69
2026/08/17 13:19:20.352, 0, NVIDIA A100-SXM4-80GB, 33160, 81920, 87, 257.00
2026/08/17 13:19:21.391, 0, NVIDIA A100-SXM4-80GB, 33160, 81920, 87, 267.92
2026/08/17 13:19:22.428, 0, NVIDIA A100-SXM4-80GB, 33160, 81920, 87, 252.15
2026/08/17 13:19:23.466, 0, NVIDIA A100-SXM4-80GB, 33160, 81920, 100, 276.21
2026/08/17 13:19:24.506, 0, NVIDIA A100-SXM4-80GB, 33160, 81920, 100, 263.65
2026/08/17 13:19:25.543, 0, NVIDIA A100-SXM4-80GB, 33160, 81920, 98, 254.60
2026/08/17 13:19:26.580, 0, NVIDIA A100-SXM4-80GB, 33160, 81920, 87, 224.42
2026/08/17 13:19:27.616, 0, NVIDIA A100-SXM4-80GB, 33160, 81920, 100, 262.91
2026/08/17 13:19:28.653, 0, NVIDIA A100-SXM4-80GB, 33160, 81920, 50, 279.46
2026/08/17 13:19:29.691, 0, NVIDIA A100-SXM4-80GB, 33160, 81920, 100, 276.54
2026/08/17 13:19:30.729, 0, NVIDIA A100-SXM4-80GB, 33160, 81920, 82, 263.68
2026/08/17 13:19:31.767, 0, NVIDIA A100-SXM4-80GB, 33160, 81920, 98, 226.54
2026/08/17 13:19:32.805, 0, NVIDIA A100-SXM4-80GB, 33160, 81920, 87, 269.29
2026/08/17 13:19:33.842, 0, NVIDIA A100-SXM4-80GB, 33160, 81920, 100, 259.40
2026/08/17 13:19:34.884, 0, NVIDIA A100-SXM4-80GB, 33160, 81920, 100, 269.29
2026/08/17 13:19:35.922, 0, NVIDIA A100-SXM4-80GB, 33160, 81920, 100, 275.72
2026/08/17 13:19:36.961, 0, NVIDIA A100-SXM4-80GB, 33160, 81920, 100, 281.34
2026/08/17 13:19:37.999, 0, NVIDIA A100-SXM4-80GB, 33160, 81920, 100, 248.41
2026/08/17 13:19:39.044, 0, NVIDIA A100-SXM4-80GB, 33160, 81920, 100, 261.49
2026/08/17 13:19:40.081, 0, NVIDIA A100-SXM4-80GB, 33160, 81920, 100, 265.53
2026/08/17 13:19:41.123, 0, NVIDIA A100-SXM4-80GB, 33160, 81920, 100, 255.66
2026/08/17 13:19:42.162, 0, NVIDIA A100-SXM4-80GB, 33160, 81920, 100, 265.31
2026/08/17 13:19:43.199, 0, NVIDIA A100-SXM4-80GB, 33160, 81920, 100, 264.20
2026/08/17 13:19:44.248, 0, NVIDIA A100-SXM4-80GB, 33160, 81920, 100, 269.05
2026/08/17 13:19:45.288, 0, NVIDIA A100-SXM4-80GB, 33160, 81920, 98, 271.16
2026/08/17 13:19:46.326, 0, NVIDIA A100-SXM4-80GB, 33160, 81920, 87, 279.18
2026/08/17 13:19:47.370, 0, NVIDIA A100-SXM4-80GB, 33160, 81920, 100, 252.44
2026/08/17 13:19:48.407, 0, NVIDIA A100-SXM4-80GB, 33160, 81920, 98, 268.45
2026/08/17 13:19:49.446, 0, NVIDIA A100-SXM4-80GB, 33160, 81920, 98, 263.68
2026/08/17 13:19:50.486, 0, NVIDIA A100-SXM4-80GB, 33160, 81920, 100, 268.76
2026/08/17 13:19:51.523, 0, NVIDIA A100-SXM4-80GB, 33160, 81920, 100, 263.15
2026/08/17 13:19:52.566, 0, NVIDIA A100-SXM4-80GB, 33160, 81920, 100, 262.10
2026/08/17 13:19:53.605, 0, NVIDIA A100-SXM4-80GB, 33160, 81920, 35, 277.51
2026/08/17 13:19:54.649, 0, NVIDIA A100-SXM4-80GB, 33160, 81920, 87, 268.52
2026/08/17 13:19:55.688, 0, NVIDIA A100-SXM4-80GB, 33160, 81920, 87, 285.32
2026/08/17 13:19:56.726, 0, NVIDIA A100-SXM4-80GB, 33160, 81920, 100, 263.96
2026/08/17 13:19:57.763, 0, NVIDIA A100-SXM4-80GB, 33160, 81920, 100, 261.56
2026/08/17 13:19:58.806, 0, NVIDIA A100-SXM4-80GB, 33160, 81920, 100, 252.45
2026/08/17 13:19:59.847, 0, NVIDIA A100-SXM4-80GB, 33160, 81920, 100, 269.29
2026/08/17 13:20:00.884, 0, NVIDIA A100-SXM4-80GB, 33160, 81920, 100, 247.88
2026/08/17 13:20:01.932, 0, NVIDIA A100-SXM4-80GB, 33160, 81920, 100, 293.62
2026/08/17 13:20:02.975, 0, NVIDIA A100-SXM4-80GB, 33160, 81920, 100, 277.60
2026/08/17 13:20:04.017, 0, NVIDIA A100-SXM4-80GB, 33160, 81920, 100, 270.92
2026/08/17 13:20:05.055, 0, NVIDIA A100-SXM4-80GB, 33160, 81920, 100, 262.38
2026/08/17 13:20:06.098, 0, NVIDIA A100-SXM4-80GB, 33160, 81920, 88, 267.18
2026/08/17 13:20:07.136, 0, NVIDIA A100-SXM4-80GB, 33160, 81920, 100, 267.64
2026/08/17 13:20:08.176, 0, NVIDIA A100-SXM4-80GB, 33160, 81920, 100, 263.44
2026/08/17 13:20:09.215, 0, NVIDIA A100-SXM4-80GB, 33160, 81920, 100, 270.10
2026/08/17 13:20:10.257, 0, NVIDIA A100-SXM4-80GB, 33160, 81920, 100, 272.50
2026/08/17 13:20:11.297, 0, NVIDIA A100-SXM4-80GB, 33160, 81920, 100, 265.84
2026/08/17 13:20:12.337, 0, NVIDIA A100-SXM4-80GB, 33160, 81920, 100, 267.95
2026/08/17 13:20:13.380, 0, NVIDIA A100-SXM4-80GB, 33160, 81920, 98, 248.18
2026/08/17 13:20:14.418, 0, NVIDIA A100-SXM4-80GB, 33160, 81920, 100, 268.21
2026/08/17 13:20:15.460, 0, NVIDIA A100-SXM4-80GB, 33160, 81920, 100, 263.89
2026/08/17 13:20:16.500, 0, NVIDIA A100-SXM4-80GB, 33160, 81920, 100, 286.32
2026/08/17 13:20:17.539, 0, NVIDIA A100-SXM4-80GB, 33160, 81920, 87, 268.21
2026/08/17 13:20:18.577, 0, NVIDIA A100-SXM4-80GB, 33160, 81920, 100, 246.83
2026/08/17 13:20:19.615, 0, NVIDIA A100-SXM4-80GB, 33160, 81920, 100, 267.11
2026/08/17 13:20:20.653, 0, NVIDIA A100-SXM4-80GB, 33160, 81920, 98, 251.62
2026/08/17 13:20:21.696, 0, NVIDIA A100-SXM4-80GB, 33160, 81920, 100, 257.00
2026/08/17 13:20:22.734, 0, NVIDIA A100-SXM4-80GB, 33160, 81920, 29, 285.56
2026/08/17 13:20:23.775, 0, NVIDIA A100-SXM4-80GB, 33160, 81920, 87, 267.95
2026/08/17 13:20:24.814, 0, NVIDIA A100-SXM4-80GB, 33160, 81920, 100, 278.41
2026/08/17 13:20:25.851, 0, NVIDIA A100-SXM4-80GB, 33160, 81920, 100, 250.34
2026/08/17 13:20:26.888, 0, NVIDIA A100-SXM4-80GB, 33160, 81920, 100, 260.22
2026/08/17 13:20:27.927, 0, NVIDIA A100-SXM4-80GB, 33160, 81920, 98, 246.88
2026/08/17 13:20:28.966, 0, NVIDIA A100-SXM4-80GB, 33160, 81920, 100, 265.84
2026/08/17 13:20:30.005, 0, NVIDIA A100-SXM4-80GB, 33160, 81920, 100, 248.46
2026/08/17 13:20:31.046, 0, NVIDIA A100-SXM4-80GB, 33160, 81920, 100, 251.16
2026/08/17 13:20:32.083, 0, NVIDIA A100-SXM4-80GB, 33160, 81920, 100, 257.00
2026/08/17 13:20:33.126, 0, NVIDIA A100-SXM4-80GB, 33160, 81920, 87, 269.58
2026/08/17 13:20:34.165, 0, NVIDIA A100-SXM4-80GB, 33160, 81920, 100, 268.13
2026/08/17 13:20:35.205, 0, NVIDIA A100-SXM4-80GB, 33160, 81920, 100, 264.99
2026/08/17 13:20:36.244, 0, NVIDIA A100-SXM4-80GB, 33160, 81920, 98, 251.16
2026/08/17 13:20:37.283, 0, NVIDIA A100-SXM4-80GB, 33160, 81920, 98, 287.72
2026/08/17 13:20:38.323, 0, NVIDIA A100-SXM4-80GB, 33160, 81920, 98, 250.62
2026/08/17 13:20:39.366, 0, NVIDIA A100-SXM4-80GB, 33160, 81920, 100, 263.96
2026/08/17 13:20:40.404, 0, NVIDIA A100-SXM4-80GB, 33160, 81920, 100, 261.19
2026/08/17 13:20:41.443, 0, NVIDIA A100-SXM4-80GB, 33160, 81920, 100, 247.12
2026/08/17 13:20:42.482, 0, NVIDIA A100-SXM4-80GB, 33160, 81920, 89, 270.40
2026/08/17 13:20:43.520, 0, NVIDIA A100-SXM4-80GB, 33160, 81920, 100, 273.56
2026/08/17 13:20:44.559, 0, NVIDIA A100-SXM4-80GB, 33160, 81920, 100, 276.54
2026/08/17 13:20:45.627, 0, NVIDIA A100-SXM4-80GB, 33160, 81920, 100, 263.44
2026/08/17 13:20:46.670, 0, NVIDIA A100-SXM4-80GB, 33160, 81920, 100, 265.24
2026/08/17 13:20:47.715, 0, NVIDIA A100-SXM4-80GB, 33160, 81920, 100, 260.51
2026/08/17 13:20:48.753, 0, NVIDIA A100-SXM4-80GB, 33160, 81920, 98, 251.91
2026/08/17 13:20:49.794, 0, NVIDIA A100-SXM4-80GB, 33160, 81920, 100, 274.58
2026/08/17 13:20:50.832, 0, NVIDIA A100-SXM4-80GB, 33160, 81920, 87, 294.96
2026/08/17 13:20:51.879, 0, NVIDIA A100-SXM4-80GB, 33160, 81920, 100, 216.12
2026/08/17 13:20:52.916, 0, NVIDIA A100-SXM4-80GB, 33160, 81920, 100, 268.45
2026/08/17 13:20:53.958, 0, NVIDIA A100-SXM4-80GB, 33160, 81920, 87, 265.84
2026/08/17 13:20:54.997, 0, NVIDIA A100-SXM4-80GB, 33160, 81920, 100, 267.64
2026/08/17 13:20:56.041, 0, NVIDIA A100-SXM4-80GB, 33160, 81920, 100, 251.40
2026/08/17 13:20:57.078, 0, NVIDIA A100-SXM4-80GB, 33160, 81920, 100, 232.44
2026/08/17 13:20:58.116, 0, NVIDIA A100-SXM4-80GB, 33160, 81920, 100, 254.90
2026/08/17 13:20:59.154, 0, NVIDIA A100-SXM4-80GB, 33160, 81920, 100, 248.99
2026/08/17 13:21:00.192, 0, NVIDIA A100-SXM4-80GB, 33160, 81920, 100, 258.86
2026/08/17 13:21:01.230, 0, NVIDIA A100-SXM4-80GB, 33160, 81920, 100, 266.58
2026/08/17 13:21:02.268, 0, NVIDIA A100-SXM4-80GB, 33160, 81920, 100, 267.95
2026/08/17 13:21:03.313, 0, NVIDIA A100-SXM4-80GB, 33160, 81920, 98, 256.48
2026/08/17 13:21:04.353, 0, NVIDIA A100-SXM4-80GB, 33160, 81920, 100, 274.38
2026/08/17 13:21:05.390, 0, NVIDIA A100-SXM4-80GB, 33160, 81920, 100, 265.55
2026/08/17 13:21:06.427, 0, NVIDIA A100-SXM4-80GB, 33160, 81920, 100, 287.48
2026/08/17 13:21:07.468, 0, NVIDIA A100-SXM4-80GB, 33160, 81920, 98, 279.95
2026/08/17 13:21:08.508, 0, NVIDIA A100-SXM4-80GB, 33160, 81920, 87, 274.38
2026/08/17 13:21:09.545, 0, NVIDIA A100-SXM4-80GB, 33160, 81920, 100, 246.60
2026/08/17 13:21:10.589, 0, NVIDIA A100-SXM4-80GB, 33160, 81920, 100, 266.36
2026/08/17 13:21:11.630, 0, NVIDIA A100-SXM4-80GB, 33160, 81920, 100, 278.12
2026/08/17 13:21:12.668, 0, NVIDIA A100-SXM4-80GB, 33160, 81920, 100, 253.79
2026/08/17 13:21:13.713, 0, NVIDIA A100-SXM4-80GB, 33160, 81920, 100, 269.05
2026/08/17 13:21:14.751, 0, NVIDIA A100-SXM4-80GB, 33160, 81920, 100, 280.68
2026/08/17 13:21:15.789, 0, NVIDIA A100-SXM4-80GB, 33160, 81920, 100, 276.21
2026/08/17 13:21:16.829, 0, NVIDIA A100-SXM4-80GB, 33160, 81920, 87, 256.77
2026/08/17 13:21:17.869, 0, NVIDIA A100-SXM4-80GB, 33160, 81920, 42, 93.35
2026/08/17 13:21:18.906, 0, NVIDIA A100-SXM4-80GB, 33160, 81920, 100, 266.89
2026/08/17 13:21:19.949, 0, NVIDIA A100-SXM4-80GB, 33160, 81920, 100, 239.36
2026/08/17 13:21:20.987, 0, NVIDIA A100-SXM4-80GB, 33160, 81920, 98, 263.65
2026/08/17 13:21:22.024, 0, NVIDIA A100-SXM4-80GB, 33160, 81920, 100, 267.70
2026/08/17 13:21:23.063, 0, NVIDIA A100-SXM4-80GB, 33160, 81920, 100, 239.40
2026/08/17 13:21:24.101, 0, NVIDIA A100-SXM4-80GB, 33160, 81920, 98, 264.78
2026/08/17 13:21:25.139, 0, NVIDIA A100-SXM4-80GB, 33160, 81920, 100, 263.15
2026/08/17 13:21:26.178, 0, NVIDIA A100-SXM4-80GB, 33160, 81920, 100, 271.86
2026/08/17 13:21:27.216, 0, NVIDIA A100-SXM4-80GB, 33160, 81920, 100, 256.70
2026/08/17 13:21:28.254, 0, NVIDIA A100-SXM4-80GB, 33160, 81920, 98, 263.96
2026/08/17 13:21:29.295, 0, NVIDIA A100-SXM4-80GB, 33160, 81920, 100, 264.49
2026/08/17 13:21:30.336, 0, NVIDIA A100-SXM4-80GB, 33160, 81920, 100, 261.56
2026/08/17 13:21:31.377, 0, NVIDIA A100-SXM4-80GB, 33160, 81920, 98, 278.08
2026/08/17 13:21:32.415, 0, NVIDIA A100-SXM4-80GB, 33160, 81920, 87, 191.86
2026/08/17 13:21:33.457, 0, NVIDIA A100-SXM4-80GB, 33160, 81920, 100, 275.43
2026/08/17 13:21:34.495, 0, NVIDIA A100-SXM4-80GB, 33160, 81920, 100, 258.64
2026/08/17 13:21:35.533, 0, NVIDIA A100-SXM4-80GB, 33160, 81920, 100, 262.62
2026/08/17 13:21:36.573, 0, NVIDIA A100-SXM4-80GB, 33160, 81920, 100, 265.84
2026/08/17 13:21:37.614, 0, NVIDIA A100-SXM4-80GB, 33160, 81920, 87, 270.64
2026/08/17 13:21:38.651, 0, NVIDIA A100-SXM4-80GB, 33160, 81920, 100, 275.20
2026/08/17 13:21:39.693, 0, NVIDIA A100-SXM4-80GB, 33160, 81920, 100, 268.52
2026/08/17 13:21:40.729, 0, NVIDIA A100-SXM4-80GB, 33160, 81920, 100, 268.73
2026/08/17 13:21:41.769, 0, NVIDIA A100-SXM4-80GB, 33160, 81920, 100, 248.99
2026/08/17 13:21:42.807, 0, NVIDIA A100-SXM4-80GB, 33160, 81920, 100, 257.30
2026/08/17 13:21:43.844, 0, NVIDIA A100-SXM4-80GB, 33160, 81920, 25, 265.24
2026/08/17 13:21:44.883, 0, NVIDIA A100-SXM4-80GB, 33160, 81920, 99, 269.05
2026/08/17 13:21:45.920, 0, NVIDIA A100-SXM4-80GB, 33160, 81920, 100, 266.08
2026/08/17 13:21:46.961, 0, NVIDIA A100-SXM4-80GB, 33160, 81920, 100, 268.13
2026/08/17 13:21:48.000, 0, NVIDIA A100-SXM4-80GB, 33160, 81920, 98, 254.90
2026/08/17 13:21:49.046, 0, NVIDIA A100-SXM4-80GB, 33160, 81920, 100, 262.91
2026/08/17 13:21:50.083, 0, NVIDIA A100-SXM4-80GB, 33160, 81920, 100, 274.14
2026/08/17 13:21:51.121, 0, NVIDIA A100-SXM4-80GB, 33160, 81920, 98, 237.76
2026/08/17 13:21:52.158, 0, NVIDIA A100-SXM4-80GB, 33160, 81920, 98, 275.64
2026/08/17 13:21:53.196, 0, NVIDIA A100-SXM4-80GB, 33160, 81920, 100, 273.00
2026/08/17 13:21:54.233, 0, NVIDIA A100-SXM4-80GB, 33160, 81920, 100, 270.08
2026/08/17 13:21:55.270, 0, NVIDIA A100-SXM4-80GB, 33160, 81920, 100, 251.10
2026/08/17 13:21:56.308, 0, NVIDIA A100-SXM4-80GB, 33160, 81920, 43, 256.70
2026/08/17 13:21:57.347, 0, NVIDIA A100-SXM4-80GB, 33160, 81920, 100, 278.41
2026/08/17 13:21:58.389, 0, NVIDIA A100-SXM4-80GB, 33160, 81920, 98, 269.29
2026/08/17 13:21:59.427, 0, NVIDIA A100-SXM4-80GB, 33160, 81920, 87, 256.19
2026/08/17 13:22:00.480, 0, NVIDIA A100-SXM4-80GB, 33160, 81920, 87, 280.81
2026/08/17 13:22:01.522, 0, NVIDIA A100-SXM4-80GB, 33160, 81920, 100, 262.31
2026/08/17 13:22:02.560, 0, NVIDIA A100-SXM4-80GB, 33160, 81920, 100, 286.09
2026/08/17 13:22:03.602, 0, NVIDIA A100-SXM4-80GB, 33160, 81920, 100, 263.68
2026/08/17 13:22:04.640, 0, NVIDIA A100-SXM4-80GB, 33160, 81920, 100, 268.24
2026/08/17 13:22:05.680, 0, NVIDIA A100-SXM4-80GB, 33160, 81920, 98, 267.92
2026/08/17 13:22:06.718, 0, NVIDIA A100-SXM4-80GB, 33160, 81920, 92, 270.92
2026/08/17 13:22:07.758, 0, NVIDIA A100-SXM4-80GB, 33160, 81920, 87, 260.73
2026/08/17 13:22:08.796, 0, NVIDIA A100-SXM4-80GB, 33160, 81920, 100, 247.12
2026/08/17 13:22:09.834, 0, NVIDIA A100-SXM4-80GB, 33160, 81920, 100, 243.91
2026/08/17 13:22:10.872, 0, NVIDIA A100-SXM4-80GB, 33160, 81920, 15, 226.80
2026/08/17 13:22:11.910, 0, NVIDIA A100-SXM4-80GB, 33160, 81920, 100, 240.98
2026/08/17 13:22:12.955, 0, NVIDIA A100-SXM4-80GB, 33160, 81920, 100, 256.18
2026/08/17 13:22:13.994, 0, NVIDIA A100-SXM4-80GB, 33160, 81920, 100, 244.43
2026/08/17 13:22:15.033, 0, NVIDIA A100-SXM4-80GB, 33160, 81920, 98, 266.58
2026/08/17 13:22:16.375, 0, NVIDIA A100-SXM4-80GB, 33160, 81920, 87, 258.88
2026/08/17 13:22:17.424, 0, NVIDIA A100-SXM4-80GB, 33160, 81920, 100, 256.77
2026/08/17 13:22:18.467, 0, NVIDIA A100-SXM4-80GB, 33160, 81920, 96, 266.36
2026/08/17 13:22:19.514, 0, NVIDIA A100-SXM4-80GB, 33160, 81920, 100, 246.60
2026/08/17 13:22:20.556, 0, NVIDIA A100-SXM4-80GB, 33160, 81920, 100, 268.98
2026/08/17 13:22:21.594, 0, NVIDIA A100-SXM4-80GB, 33160, 81920, 100, 258.88
2026/08/17 13:22:22.636, 0, NVIDIA A100-SXM4-80GB, 33160, 81920, 98, 256.70
2026/08/17 13:22:23.675, 0, NVIDIA A100-SXM4-80GB, 33160, 81920, 100, 262.60
2026/08/17 13:22:24.713, 0, NVIDIA A100-SXM4-80GB, 33160, 81920, 87, 274.66
2026/08/17 13:22:25.752, 0, NVIDIA A100-SXM4-80GB, 33160, 81920, 56, 216.16
2026/08/17 13:22:26.789, 0, NVIDIA A100-SXM4-80GB, 33160, 81920, 100, 265.84
2026/08/17 13:22:27.826, 0, NVIDIA A100-SXM4-80GB, 33160, 81920, 100, 277.51
2026/08/17 13:22:28.866, 0, NVIDIA A100-SXM4-80GB, 33160, 81920, 100, 262.60
2026/08/17 13:22:29.906, 0, NVIDIA A100-SXM4-80GB, 33160, 81920, 87, 269.29
2026/08/17 13:22:30.946, 0, NVIDIA A100-SXM4-80GB, 33160, 81920, 98, 231.38
2026/08/17 13:22:31.986, 0, NVIDIA A100-SXM4-80GB, 33160, 81920, 100, 270.92
2026/08/17 13:22:33.024, 0, NVIDIA A100-SXM4-80GB, 33160, 81920, 100, 258.88
2026/08/17 13:22:34.061, 0, NVIDIA A100-SXM4-80GB, 33160, 81920, 98, 262.91
2026/08/17 13:22:35.104, 0, NVIDIA A100-SXM4-80GB, 33160, 81920, 98, 240.69
2026/08/17 13:22:36.142, 0, NVIDIA A100-SXM4-80GB, 33160, 81920, 87, 270.40
2026/08/17 13:22:37.180, 0, NVIDIA A100-SXM4-80GB, 33160, 81920, 100, 270.84
2026/08/17 13:22:38.220, 0, NVIDIA A100-SXM4-80GB, 33160, 81920, 98, 245.54
2026/08/17 13:22:39.261, 0, NVIDIA A100-SXM4-80GB, 33160, 81920, 100, 274.38
2026/08/17 13:22:40.298, 0, NVIDIA A100-SXM4-80GB, 33160, 81920, 100, 239.11
2026/08/17 13:22:41.345, 0, NVIDIA A100-SXM4-80GB, 33160, 81920, 100, 250.34
2026/08/17 13:22:42.383, 0, NVIDIA A100-SXM4-80GB, 33160, 81920, 98, 228.94
2026/08/17 13:22:43.425, 0, NVIDIA A100-SXM4-80GB, 33160, 81920, 87, 266.89
2026/08/17 13:22:44.465, 0, NVIDIA A100-SXM4-80GB, 33160, 81920, 87, 271.98
2026/08/17 13:22:45.502, 0, NVIDIA A100-SXM4-80GB, 33160, 81920, 100, 280.52
2026/08/17 13:22:46.541, 0, NVIDIA A100-SXM4-80GB, 33160, 81920, 88, 263.96
2026/08/17 13:22:47.583, 0, NVIDIA A100-SXM4-80GB, 33160, 81920, 100, 249.81
2026/08/17 13:22:48.621, 0, NVIDIA A100-SXM4-80GB, 33160, 81920, 47, 276.25
2026/08/17 13:22:49.665, 0, NVIDIA A100-SXM4-80GB, 33160, 81920, 100, 155.76
2026/08/17 13:22:50.703, 0, NVIDIA A100-SXM4-80GB, 33160, 81920, 100, 265.02
2026/08/17 13:22:51.742, 0, NVIDIA A100-SXM4-80GB, 33160, 81920, 100, 256.77
2026/08/17 13:22:52.780, 0, NVIDIA A100-SXM4-80GB, 33160, 81920, 100, 272.50
2026/08/17 13:22:53.820, 0, NVIDIA A100-SXM4-80GB, 33160, 81920, 100, 263.44
2026/08/17 13:22:54.858, 0, NVIDIA A100-SXM4-80GB, 33160, 81920, 100, 250.34
2026/08/17 13:22:55.895, 0, NVIDIA A100-SXM4-80GB, 33160, 81920, 98, 259.09
2026/08/17 13:22:56.938, 0, NVIDIA A100-SXM4-80GB, 33160, 81920, 100, 272.80
2026/08/17 13:22:57.976, 0, NVIDIA A100-SXM4-80GB, 33160, 81920, 100, 273.00
2026/08/17 13:22:59.019, 0, NVIDIA A100-SXM4-80GB, 33160, 81920, 100, 270.08
2026/08/17 13:23:00.059, 0, NVIDIA A100-SXM4-80GB, 33160, 81920, 100, 238.87
2026/08/17 13:23:01.105, 0, NVIDIA A100-SXM4-80GB, 33160, 81920, 100, 278.85
2026/08/17 13:23:02.143, 0, NVIDIA A100-SXM4-80GB, 33160, 81920, 100, 243.91
2026/08/17 13:23:03.187, 0, NVIDIA A100-SXM4-80GB, 33160, 81920, 87, 91.36
2026/08/17 13:23:04.224, 0, NVIDIA A100-SXM4-80GB, 33160, 81920, 100, 268.21
2026/08/17 13:23:05.261, 0, NVIDIA A100-SXM4-80GB, 33160, 81920, 100, 276.25
2026/08/17 13:23:06.305, 0, NVIDIA A100-SXM4-80GB, 33160, 81920, 100, 273.56
2026/08/17 13:23:07.343, 0, NVIDIA A100-SXM4-80GB, 33160, 81920, 100, 258.06
2026/08/17 13:23:08.383, 0, NVIDIA A100-SXM4-80GB, 33160, 81920, 92, 275.11
2026/08/17 13:23:09.422, 0, NVIDIA A100-SXM4-80GB, 33160, 81920, 87, 269.79
2026/08/17 13:23:10.460, 0, NVIDIA A100-SXM4-80GB, 33160, 81920, 100, 267.95
2026/08/17 13:23:11.497, 0, NVIDIA A100-SXM4-80GB, 33160, 81920, 100, 214.54
2026/08/17 13:23:12.538, 0, NVIDIA A100-SXM4-80GB, 33160, 81920, 100, 224.42
2026/08/17 13:23:13.578, 0, NVIDIA A100-SXM4-80GB, 33160, 81920, 100, 235.90
2026/08/17 13:23:14.624, 0, NVIDIA A100-SXM4-80GB, 33160, 81920, 74, 281.86
2026/08/17 13:23:15.661, 0, NVIDIA A100-SXM4-80GB, 33160, 81920, 98, 272.80
2026/08/17 13:23:16.699, 0, NVIDIA A100-SXM4-80GB, 33160, 81920, 98, 245.78
2026/08/17 13:23:17.736, 0, NVIDIA A100-SXM4-80GB, 33160, 81920, 87, 277.79
2026/08/17 13:23:18.779, 0, NVIDIA A100-SXM4-80GB, 33160, 81920, 100, 276.45
2026/08/17 13:23:19.818, 0, NVIDIA A100-SXM4-80GB, 33160, 81920, 100, 246.31
2026/08/17 13:23:20.867, 0, NVIDIA A100-SXM4-80GB, 33160, 81920, 100, 261.04
2026/08/17 13:23:21.910, 0, NVIDIA A100-SXM4-80GB, 33160, 81920, 100, 253.02
2026/08/17 13:23:22.948, 0, NVIDIA A100-SXM4-80GB, 33160, 81920, 98, 269.29
2026/08/17 13:23:23.996, 0, NVIDIA A100-SXM4-80GB, 33160, 81920, 100, 270.60
2026/08/17 13:23:25.042, 0, NVIDIA A100-SXM4-80GB, 33160, 81920, 100, 250.62
2026/08/17 13:23:26.080, 0, NVIDIA A100-SXM4-80GB, 33160, 81920, 100, 240.98
2026/08/17 13:23:27.120, 0, NVIDIA A100-SXM4-80GB, 33160, 81920, 100, 263.15
2026/08/17 13:23:28.158, 0, NVIDIA A100-SXM4-80GB, 33160, 81920, 100, 254.90
2026/08/17 13:23:29.202, 0, NVIDIA A100-SXM4-80GB, 33160, 81920, 100, 268.76
2026/08/17 13:23:30.240, 0, NVIDIA A100-SXM4-80GB, 33160, 81920, 100, 250.34
2026/08/17 13:23:31.277, 0, NVIDIA A100-SXM4-80GB, 33160, 81920, 100, 254.08
2026/08/17 13:23:32.316, 0, NVIDIA A100-SXM4-80GB, 33160, 81920, 87, 270.92
2026/08/17 13:23:33.357, 0, NVIDIA A100-SXM4-80GB, 33160, 81920, 100, 277.30
2026/08/17 13:23:34.395, 0, NVIDIA A100-SXM4-80GB, 33160, 81920, 100, 279.95
2026/08/17 13:23:35.438, 0, NVIDIA A100-SXM4-80GB, 33160, 81920, 100, 262.10
2026/08/17 13:23:36.476, 0, NVIDIA A100-SXM4-80GB, 33160, 81920, 87, 271.45
2026/08/17 13:23:37.519, 0, NVIDIA A100-SXM4-80GB, 33160, 81920, 100, 266.87
2026/08/17 13:23:38.556, 0, NVIDIA A100-SXM4-80GB, 33160, 81920, 100, 281.82
2026/08/17 13:23:39.600, 0, NVIDIA A100-SXM4-80GB, 33160, 81920, 100, 258.06
2026/08/17 13:23:40.640, 0, NVIDIA A100-SXM4-80GB, 33160, 81920, 100, 254.08
2026/08/17 13:23:41.678, 0, NVIDIA A100-SXM4-80GB, 33160, 81920, 100, 269.05
2026/08/17 13:23:42.715, 0, NVIDIA A100-SXM4-80GB, 33160, 81920, 100, 249.81
2026/08/17 13:23:43.760, 0, NVIDIA A100-SXM4-80GB, 33160, 81920, 100, 263.37
2026/08/17 13:23:44.807, 0, NVIDIA A100-SXM4-80GB, 33160, 81920, 100, 265.31
2026/08/17 13:23:45.845, 0, NVIDIA A100-SXM4-80GB, 33160, 81920, 98, 237.52
2026/08/17 13:23:46.882, 0, NVIDIA A100-SXM4-80GB, 33160, 81920, 100, 268.45
2026/08/17 13:23:47.921, 0, NVIDIA A100-SXM4-80GB, 33160, 81920, 87, 282.15
2026/08/17 13:23:48.960, 0, NVIDIA A100-SXM4-80GB, 33160, 81920, 100, 253.50
2026/08/17 13:23:49.998, 0, NVIDIA A100-SXM4-80GB, 33160, 81920, 98, 261.04
2026/08/17 13:23:51.039, 0, NVIDIA A100-SXM4-80GB, 33160, 81920, 100, 243.38
2026/08/17 13:23:52.078, 0, NVIDIA A100-SXM4-80GB, 33160, 81920, 100, 235.12
2026/08/17 13:23:53.117, 0, NVIDIA A100-SXM4-80GB, 33160, 81920, 100, 268.76
2026/08/17 13:23:54.154, 0, NVIDIA A100-SXM4-80GB, 33160, 81920, 100, 256.19
2026/08/17 13:23:55.192, 0, NVIDIA A100-SXM4-80GB, 33160, 81920, 100, 264.18
2026/08/17 13:23:56.234, 0, NVIDIA A100-SXM4-80GB, 33160, 81920, 51, 291.46
2026/08/17 13:23:57.271, 0, NVIDIA A100-SXM4-80GB, 33160, 81920, 100, 273.85
2026/08/17 13:23:58.310, 0, NVIDIA A100-SXM4-80GB, 33160, 81920, 100, 226.54
2026/08/17 13:23:59.347, 0, NVIDIA A100-SXM4-80GB, 33160, 81920, 100, 253.79
2026/08/17 13:24:00.385, 0, NVIDIA A100-SXM4-80GB, 33160, 81920, 87, 267.42
2026/08/17 13:24:01.424, 0, NVIDIA A100-SXM4-80GB, 33160, 81920, 100, 248.99
2026/08/17 13:24:02.462, 0, NVIDIA A100-SXM4-80GB, 33160, 81920, 84, 269.50
2026/08/17 13:24:03.499, 0, NVIDIA A100-SXM4-80GB, 33160, 81920, 98, 267.11
2026/08/17 13:24:04.539, 0, NVIDIA A100-SXM4-80GB, 33160, 81920, 100, 287.67
2026/08/17 13:24:05.576, 0, NVIDIA A100-SXM4-80GB, 33160, 81920, 100, 115.11
2026/08/17 13:24:06.614, 0, NVIDIA A100-SXM4-80GB, 33160, 81920, 89, 279.14
2026/08/17 13:24:07.652, 0, NVIDIA A100-SXM4-80GB, 33160, 81920, 100, 246.31
2026/08/17 13:24:08.691, 0, NVIDIA A100-SXM4-80GB, 33160, 81920, 98, 269.82
2026/08/17 13:24:09.730, 0, NVIDIA A100-SXM4-80GB, 33160, 81920, 98, 282.87
2026/08/17 13:24:10.768, 0, NVIDIA A100-SXM4-80GB, 33160, 81920, 100, 276.21
2026/08/17 13:24:11.805, 0, NVIDIA A100-SXM4-80GB, 33160, 81920, 100, 274.90
2026/08/17 13:24:12.843, 0, NVIDIA A100-SXM4-80GB, 33160, 81920, 100, 284.41
2026/08/17 13:24:13.885, 0, NVIDIA A100-SXM4-80GB, 33160, 81920, 100, 256.70
2026/08/17 13:24:14.924, 0, NVIDIA A100-SXM4-80GB, 33160, 81920, 100, 255.95
2026/08/17 13:24:15.966, 0, NVIDIA A100-SXM4-80GB, 33160, 81920, 100, 270.32
2026/08/17 13:24:17.005, 0, NVIDIA A100-SXM4-80GB, 33160, 81920, 99, 232.44
2026/08/17 13:24:18.043, 0, NVIDIA A100-SXM4-80GB, 33160, 81920, 87, 271.16
2026/08/17 13:24:19.080, 0, NVIDIA A100-SXM4-80GB, 33160, 81920, 100, 270.40
2026/08/17 13:24:20.123, 0, NVIDIA A100-SXM4-80GB, 33160, 81920, 100, 277.06
2026/08/17 13:24:21.161, 0, NVIDIA A100-SXM4-80GB, 33160, 81920, 100, 261.28
2026/08/17 13:24:22.202, 0, NVIDIA A100-SXM4-80GB, 33160, 81920, 100, 270.92
2026/08/17 13:24:23.238, 0, NVIDIA A100-SXM4-80GB, 33160, 81920, 100, 264.49
2026/08/17 13:24:24.277, 0, NVIDIA A100-SXM4-80GB, 33160, 81920, 100, 246.31
2026/08/17 13:24:25.316, 0, NVIDIA A100-SXM4-80GB, 33160, 81920, 100, 274.66
2026/08/17 13:24:26.356, 0, NVIDIA A100-SXM4-80GB, 33160, 81920, 100, 281.34
2026/08/17 13:24:27.399, 0, NVIDIA A100-SXM4-80GB, 33160, 81920, 100, 261.28
2026/08/17 13:24:28.436, 0, NVIDIA A100-SXM4-80GB, 33160, 81920, 100, 261.28
2026/08/17 13:24:29.480, 0, NVIDIA A100-SXM4-80GB, 33160, 81920, 100, 272.50
2026/08/17 13:24:30.519, 0, NVIDIA A100-SXM4-80GB, 33160, 81920, 100, 251.92
2026/08/17 13:24:31.559, 0, NVIDIA A100-SXM4-80GB, 33160, 81920, 100, 263.13
2026/08/17 13:24:32.598, 0, NVIDIA A100-SXM4-80GB, 33160, 81920, 98, 275.40
2026/08/17 13:24:33.636, 0, NVIDIA A100-SXM4-80GB, 33160, 81920, 98, 239.40
2026/08/17 13:24:34.674, 0, NVIDIA A100-SXM4-80GB, 33160, 81920, 98, 266.89
2026/08/17 13:24:35.717, 0, NVIDIA A100-SXM4-80GB, 33160, 81920, 68, 92.00
2026/08/17 13:24:36.755, 0, NVIDIA A100-SXM4-80GB, 33160, 81920, 100, 247.12
2026/08/17 13:24:37.796, 0, NVIDIA A100-SXM4-80GB, 33160, 81920, 100, 277.79
2026/08/17 13:24:38.835, 0, NVIDIA A100-SXM4-80GB, 33160, 81920, 100, 252.44
2026/08/17 13:24:39.873, 0, NVIDIA A100-SXM4-80GB, 33160, 81920, 100, 236.18
2026/08/17 13:24:40.911, 0, NVIDIA A100-SXM4-80GB, 33160, 81920, 90, 267.95
2026/08/17 13:24:41.956, 0, NVIDIA A100-SXM4-80GB, 33160, 81920, 100, 241.51
2026/08/17 13:24:42.994, 0, NVIDIA A100-SXM4-80GB, 33160, 81920, 100, 256.48
2026/08/17 13:24:44.033, 0, NVIDIA A100-SXM4-80GB, 33160, 81920, 100, 250.04
2026/08/17 13:24:45.070, 0, NVIDIA A100-SXM4-80GB, 33160, 81920, 100, 259.63
2026/08/17 13:24:46.111, 0, NVIDIA A100-SXM4-80GB, 33160, 81920, 100, 272.18
2026/08/17 13:24:47.149, 0, NVIDIA A100-SXM4-80GB, 33160, 81920, 87, 267.95
2026/08/17 13:24:48.187, 0, NVIDIA A100-SXM4-80GB, 33160, 81920, 100, 268.21
2026/08/17 13:24:49.225, 0, NVIDIA A100-SXM4-80GB, 33160, 81920, 100, 230.81
2026/08/17 13:24:50.268, 0, NVIDIA A100-SXM4-80GB, 33160, 81920, 100, 249.28
2026/08/17 13:24:51.306, 0, NVIDIA A100-SXM4-80GB, 33160, 81920, 98, 245.78
2026/08/17 13:24:52.350, 0, NVIDIA A100-SXM4-80GB, 33160, 81920, 98, 231.91
2026/08/17 13:24:53.388, 0, NVIDIA A100-SXM4-80GB, 33160, 81920, 92, 270.08
2026/08/17 13:24:54.426, 0, NVIDIA A100-SXM4-80GB, 33160, 81920, 100, 260.20
2026/08/17 13:24:55.463, 0, NVIDIA A100-SXM4-80GB, 33160, 81920, 98, 265.24
2026/08/17 13:24:56.504, 0, NVIDIA A100-SXM4-80GB, 33160, 81920, 100, 253.79
2026/08/17 13:24:57.541, 0, NVIDIA A100-SXM4-80GB, 33160, 81920, 100, 278.65
2026/08/17 13:24:58.578, 0, NVIDIA A100-SXM4-80GB, 33160, 81920, 87, 264.49
2026/08/17 13:24:59.616, 0, NVIDIA A100-SXM4-80GB, 33160, 81920, 100, 246.60
2026/08/17 13:25:00.654, 0, NVIDIA A100-SXM4-80GB, 33160, 81920, 100, 262.91
2026/08/17 13:25:01.691, 0, NVIDIA A100-SXM4-80GB, 33160, 81920, 87, 269.79
2026/08/17 13:25:02.730, 0, NVIDIA A100-SXM4-80GB, 33160, 81920, 100, 258.34
2026/08/17 13:25:03.768, 0, NVIDIA A100-SXM4-80GB, 33160, 81920, 100, 273.56
2026/08/17 13:25:04.811, 0, NVIDIA A100-SXM4-80GB, 33160, 81920, 85, 260.73
2026/08/17 13:25:05.851, 0, NVIDIA A100-SXM4-80GB, 33160, 81920, 100, 213.48
2026/08/17 13:25:06.890, 0, NVIDIA A100-SXM4-80GB, 33160, 81920, 98, 276.78
2026/08/17 13:25:07.928, 0, NVIDIA A100-SXM4-80GB, 33160, 81920, 100, 268.76
2026/08/17 13:25:08.972, 0, NVIDIA A100-SXM4-80GB, 33160, 81920, 87, 268.52
2026/08/17 13:25:10.010, 0, NVIDIA A100-SXM4-80GB, 33160, 81920, 87, 230.82
2026/08/17 13:25:11.054, 0, NVIDIA A100-SXM4-80GB, 33160, 81920, 100, 256.48
2026/08/17 13:25:12.093, 0, NVIDIA A100-SXM4-80GB, 33160, 81920, 100, 269.58
2026/08/17 13:25:13.138, 0, NVIDIA A100-SXM4-80GB, 33160, 81920, 100, 257.76
2026/08/17 13:25:14.176, 0, NVIDIA A100-SXM4-80GB, 33160, 81920, 98, 230.04
2026/08/17 13:25:15.217, 0, NVIDIA A100-SXM4-80GB, 33160, 81920, 100, 244.43
2026/08/17 13:25:16.257, 0, NVIDIA A100-SXM4-80GB, 33160, 81920, 98, 246.59
2026/08/17 13:25:17.294, 0, NVIDIA A100-SXM4-80GB, 33160, 81920, 98, 279.14
2026/08/17 13:25:18.337, 0, NVIDIA A100-SXM4-80GB, 33160, 81920, 100, 223.37
2026/08/17 13:25:19.375, 0, NVIDIA A100-SXM4-80GB, 33160, 81920, 100, 265.55
2026/08/17 13:25:20.414, 0, NVIDIA A100-SXM4-80GB, 33160, 81920, 100, 252.21
2026/08/17 13:25:21.452, 0, NVIDIA A100-SXM4-80GB, 33160, 81920, 98, 262.10
2026/08/17 13:25:22.490, 0, NVIDIA A100-SXM4-80GB, 33160, 81920, 96, 268.24
2026/08/17 13:25:23.528, 0, NVIDIA A100-SXM4-80GB, 33160, 81920, 99, 276.21
2026/08/17 13:25:24.568, 0, NVIDIA A100-SXM4-80GB, 33160, 81920, 100, 251.68
2026/08/17 13:25:25.605, 0, NVIDIA A100-SXM4-80GB, 33160, 81920, 87, 284.46
2026/08/17 13:25:26.644, 0, NVIDIA A100-SXM4-80GB, 33160, 81920, 100, 274.02
2026/08/17 13:25:27.683, 0, NVIDIA A100-SXM4-80GB, 33160, 81920, 100, 260.22
2026/08/17 13:25:28.727, 0, NVIDIA A100-SXM4-80GB, 33160, 81920, 100, 269.58
2026/08/17 13:25:29.764, 0, NVIDIA A100-SXM4-80GB, 33160, 81920, 100, 245.54
2026/08/17 13:25:30.802, 0, NVIDIA A100-SXM4-80GB, 33160, 81920, 98, 228.70
2026/08/17 13:25:31.864, 0, NVIDIA A100-SXM4-80GB, 33160, 81920, 100, 237.52
2026/08/17 13:25:32.903, 0, NVIDIA A100-SXM4-80GB, 33160, 81920, 98, 237.48
2026/08/17 13:25:33.946, 0, NVIDIA A100-SXM4-80GB, 33160, 81920, 100, 280.19
2026/08/17 13:25:34.987, 0, NVIDIA A100-SXM4-80GB, 33160, 81920, 100, 259.63
2026/08/17 13:25:36.026, 0, NVIDIA A100-SXM4-80GB, 33160, 81920, 100, 273.82
2026/08/17 13:25:37.065, 0, NVIDIA A100-SXM4-80GB, 33160, 81920, 100, 276.21
2026/08/17 13:25:38.103, 0, NVIDIA A100-SXM4-80GB, 33160, 81920, 100, 262.84
2026/08/17 13:25:39.202, 0, NVIDIA A100-SXM4-80GB, 33160, 81920, 88, 264.68
2026/08/17 13:25:40.243, 0, NVIDIA A100-SXM4-80GB, 33160, 81920, 100, 238.01
2026/08/17 13:25:41.281, 0, NVIDIA A100-SXM4-80GB, 33160, 81920, 98, 259.63
2026/08/17 13:25:42.322, 0, NVIDIA A100-SXM4-80GB, 33160, 81920, 98, 270.10
2026/08/17 13:25:43.360, 0, NVIDIA A100-SXM4-80GB, 33160, 81920, 87, 280.48
2026/08/17 13:25:44.399, 0, NVIDIA A100-SXM4-80GB, 33160, 81920, 100, 280.72
2026/08/17 13:25:45.440, 0, NVIDIA A100-SXM4-80GB, 33160, 81920, 100, 271.45
2026/08/17 13:25:46.482, 0, NVIDIA A100-SXM4-80GB, 33160, 81920, 100, 267.42
2026/08/17 13:25:47.521, 0, NVIDIA A100-SXM4-80GB, 33160, 81920, 86, 250.05
2026/08/17 13:25:48.563, 0, NVIDIA A100-SXM4-80GB, 33160, 81920, 98, 268.24
2026/08/17 13:25:49.600, 0, NVIDIA A100-SXM4-80GB, 33160, 81920, 98, 247.94
2026/08/17 13:25:50.639, 0, NVIDIA A100-SXM4-80GB, 33160, 81920, 100, 280.48
2026/08/17 13:25:51.699, 0, NVIDIA A100-SXM4-80GB, 33160, 81920, 100, 284.98
2026/08/17 13:25:52.740, 0, NVIDIA A100-SXM4-80GB, 33160, 81920, 100, 265.24
2026/08/17 13:25:53.778, 0, NVIDIA A100-SXM4-80GB, 33160, 81920, 100, 266.65
2026/08/17 13:25:54.816, 0, NVIDIA A100-SXM4-80GB, 33160, 81920, 100, 257.82
2026/08/17 13:25:55.857, 0, NVIDIA A100-SXM4-80GB, 33160, 81920, 98, 258.64
2026/08/17 13:25:56.902, 0, NVIDIA A100-SXM4-80GB, 33160, 81920, 100, 113.67
2026/08/17 13:25:57.939, 0, NVIDIA A100-SXM4-80GB, 33160, 81920, 100, 242.56
2026/08/17 13:25:58.979, 0, NVIDIA A100-SXM4-80GB, 33160, 81920, 100, 270.92
2026/08/17 13:26:00.018, 0, NVIDIA A100-SXM4-80GB, 33160, 81920, 87, 269.82
2026/08/17 13:26:01.056, 0, NVIDIA A100-SXM4-80GB, 33160, 81920, 100, 260.45
2026/08/17 13:26:02.095, 0, NVIDIA A100-SXM4-80GB, 33160, 81920, 100, 264.49
2026/08/17 13:26:03.135, 0, NVIDIA A100-SXM4-80GB, 33160, 81920, 100, 267.95
2026/08/17 13:26:04.173, 0, NVIDIA A100-SXM4-80GB, 33160, 81920, 88, 272.50
2026/08/17 13:26:05.210, 0, NVIDIA A100-SXM4-80GB, 33160, 81920, 100, 274.38
2026/08/17 13:26:06.248, 0, NVIDIA A100-SXM4-80GB, 33160, 81920, 100, 246.06
2026/08/17 13:26:07.289, 0, NVIDIA A100-SXM4-80GB, 33160, 81920, 100, 266.65
2026/08/17 13:26:08.328, 0, NVIDIA A100-SXM4-80GB, 33160, 81920, 100, 264.20
2026/08/17 13:26:09.367, 0, NVIDIA A100-SXM4-80GB, 33160, 81920, 100, 267.42
2026/08/17 13:26:10.407, 0, NVIDIA A100-SXM4-80GB, 33160, 81920, 98, 284.79
2026/08/17 13:26:11.444, 0, NVIDIA A100-SXM4-80GB, 33160, 81920, 100, 227.35
2026/08/17 13:26:12.487, 0, NVIDIA A100-SXM4-80GB, 33160, 81920, 100, 286.66
2026/08/17 13:26:13.526, 0, NVIDIA A100-SXM4-80GB, 33160, 81920, 98, 258.06
2026/08/17 13:26:14.567, 0, NVIDIA A100-SXM4-80GB, 33160, 81920, 92, 267.18
2026/08/17 13:26:15.605, 0, NVIDIA A100-SXM4-80GB, 33160, 81920, 96, 257.82
2026/08/17 13:26:16.647, 0, NVIDIA A100-SXM4-80GB, 33160, 81920, 100, 268.52
2026/08/17 13:26:17.684, 0, NVIDIA A100-SXM4-80GB, 33160, 81920, 100, 262.38
2026/08/17 13:26:18.728, 0, NVIDIA A100-SXM4-80GB, 33160, 81920, 68, 267.32
2026/08/17 13:26:19.766, 0, NVIDIA A100-SXM4-80GB, 33160, 81920, 100, 297.30
2026/08/17 13:26:20.812, 0, NVIDIA A100-SXM4-80GB, 33160, 81920, 100, 255.95
2026/08/17 13:26:21.850, 0, NVIDIA A100-SXM4-80GB, 33160, 81920, 100, 257.82
2026/08/17 13:26:22.889, 0, NVIDIA A100-SXM4-80GB, 33160, 81920, 100, 245.54
2026/08/17 13:26:23.926, 0, NVIDIA A100-SXM4-80GB, 33160, 81920, 100, 257.52
2026/08/17 13:26:24.964, 0, NVIDIA A100-SXM4-80GB, 33160, 81920, 100, 276.98
2026/08/17 13:26:26.003, 0, NVIDIA A100-SXM4-80GB, 33160, 81920, 100, 253.79
2026/08/17 13:26:27.041, 0, NVIDIA A100-SXM4-80GB, 33160, 81920, 100, 265.55
2026/08/17 13:26:28.081, 0, NVIDIA A100-SXM4-80GB, 33160, 81920, 91, 266.05
2026/08/17 13:26:29.118, 0, NVIDIA A100-SXM4-80GB, 33160, 81920, 100, 146.64
2026/08/17 13:26:30.156, 0, NVIDIA A100-SXM4-80GB, 33160, 81920, 100, 271.69
2026/08/17 13:26:31.199, 0, NVIDIA A100-SXM4-80GB, 33160, 81920, 100, 244.43
2026/08/17 13:26:32.236, 0, NVIDIA A100-SXM4-80GB, 33160, 81920, 87, 266.36
2026/08/17 13:26:33.277, 0, NVIDIA A100-SXM4-80GB, 33160, 81920, 100, 251.92
2026/08/17 13:26:34.326, 0, NVIDIA A100-SXM4-80GB, 33160, 81920, 100, 261.28
2026/08/17 13:26:35.365, 0, NVIDIA A100-SXM4-80GB, 33160, 81920, 98, 247.94
2026/08/17 13:26:36.409, 0, NVIDIA A100-SXM4-80GB, 33160, 81920, 100, 251.16
2026/08/17 13:26:37.447, 0, NVIDIA A100-SXM4-80GB, 33160, 81920, 100, 202.26
2026/08/17 13:26:38.488, 0, NVIDIA A100-SXM4-80GB, 33160, 81920, 100, 248.17
2026/08/17 13:26:39.525, 0, NVIDIA A100-SXM4-80GB, 33160, 81920, 98, 268.98
2026/08/17 13:26:40.568, 0, NVIDIA A100-SXM4-80GB, 33160, 81920, 100, 139.60
2026/08/17 13:26:41.604, 0, NVIDIA A100-SXM4-80GB, 33160, 81920, 87, 265.02
2026/08/17 13:26:42.648, 0, NVIDIA A100-SXM4-80GB, 33160, 81920, 100, 255.14
2026/08/17 13:26:43.685, 0, NVIDIA A100-SXM4-80GB, 33160, 81920, 100, 238.06
2026/08/17 13:26:44.727, 0, NVIDIA A100-SXM4-80GB, 33160, 81920, 88, 269.50
2026/08/17 13:26:45.764, 0, NVIDIA A100-SXM4-80GB, 33160, 81920, 100, 269.79
2026/08/17 13:26:46.808, 0, NVIDIA A100-SXM4-80GB, 33160, 81920, 100, 249.81
2026/08/17 13:26:47.845, 0, NVIDIA A100-SXM4-80GB, 33160, 81920, 48, 275.96
2026/08/17 13:26:48.883, 0, NVIDIA A100-SXM4-80GB, 33160, 81920, 100, 278.61
2026/08/17 13:26:49.922, 0, NVIDIA A100-SXM4-80GB, 33160, 81920, 98, 274.34
2026/08/17 13:26:50.959, 0, NVIDIA A100-SXM4-80GB, 33160, 81920, 100, 275.93
2026/08/17 13:26:51.997, 0, NVIDIA A100-SXM4-80GB, 33160, 81920, 100, 260.75
2026/08/17 13:26:53.034, 0, NVIDIA A100-SXM4-80GB, 33160, 81920, 100, 262.07
2026/08/17 13:26:54.074, 0, NVIDIA A100-SXM4-80GB, 33160, 81920, 98, 259.70
2026/08/17 13:26:55.112, 0, NVIDIA A100-SXM4-80GB, 33160, 81920, 98, 269.05
2026/08/17 13:26:56.149, 0, NVIDIA A100-SXM4-80GB, 33160, 81920, 100, 256.77
2026/08/17 13:26:57.189, 0, NVIDIA A100-SXM4-80GB, 33160, 81920, 100, 275.64
2026/08/17 13:26:58.228, 0, NVIDIA A100-SXM4-80GB, 33160, 81920, 87, 293.33
2026/08/17 13:26:59.267, 0, NVIDIA A100-SXM4-80GB, 33160, 81920, 87, 270.00
2026/08/17 13:27:00.306, 0, NVIDIA A100-SXM4-80GB, 33160, 81920, 100, 275.11
2026/08/17 13:27:01.343, 0, NVIDIA A100-SXM4-80GB, 33160, 81920, 98, 253.55
2026/08/17 13:27:02.381, 0, NVIDIA A100-SXM4-80GB, 33160, 81920, 100, 290.93
2026/08/17 13:27:03.426, 0, NVIDIA A100-SXM4-80GB, 33160, 81920, 98, 274.38
2026/08/17 13:27:04.467, 0, NVIDIA A100-SXM4-80GB, 33160, 81920, 100, 274.14
2026/08/17 13:27:05.507, 0, NVIDIA A100-SXM4-80GB, 33160, 81920, 87, 276.21
2026/08/17 13:27:06.550, 0, NVIDIA A100-SXM4-80GB, 33160, 81920, 100, 263.13
2026/08/17 13:27:07.588, 0, NVIDIA A100-SXM4-80GB, 33160, 81920, 98, 279.46
2026/08/17 13:27:08.627, 0, NVIDIA A100-SXM4-80GB, 33160, 81920, 100, 190.28
2026/08/17 13:27:09.666, 0, NVIDIA A100-SXM4-80GB, 33160, 81920, 100, 253.02
2026/08/17 13:27:10.704, 0, NVIDIA A100-SXM4-80GB, 33160, 81920, 100, 262.91
2026/08/17 13:27:11.744, 0, NVIDIA A100-SXM4-80GB, 33160, 81920, 87, 278.85
2026/08/17 13:27:12.820, 0, NVIDIA A100-SXM4-80GB, 33160, 81920, 100, 115.25
2026/08/17 13:27:13.863, 0, NVIDIA A100-SXM4-80GB, 33160, 81920, 100, 263.96
2026/08/17 13:27:14.901, 0, NVIDIA A100-SXM4-80GB, 33160, 81920, 100, 277.60
2026/08/17 13:27:15.944, 0, NVIDIA A100-SXM4-80GB, 33160, 81920, 100, 280.19
2026/08/17 13:27:16.981, 0, NVIDIA A100-SXM4-80GB, 33160, 81920, 100, 269.29
2026/08/17 13:27:18.021, 0, NVIDIA A100-SXM4-80GB, 33160, 81920, 100, 259.40
2026/08/17 13:27:19.059, 0, NVIDIA A100-SXM4-80GB, 33160, 81920, 97, 266.05
2026/08/17 13:27:20.096, 0, NVIDIA A100-SXM4-80GB, 33160, 81920, 100, 264.20
2026/08/17 13:27:21.138, 0, NVIDIA A100-SXM4-80GB, 33160, 81920, 100, 259.40
2026/08/17 13:27:22.176, 0, NVIDIA A100-SXM4-80GB, 33160, 81920, 100, 262.62
2026/08/17 13:27:23.214, 0, NVIDIA A100-SXM4-80GB, 33160, 81920, 100, 267.39
2026/08/17 13:27:24.254, 0, NVIDIA A100-SXM4-80GB, 33160, 81920, 100, 242.56
2026/08/17 13:27:25.294, 0, NVIDIA A100-SXM4-80GB, 33160, 81920, 98, 264.49
2026/08/17 13:27:26.333, 0, NVIDIA A100-SXM4-80GB, 33160, 81920, 87, 266.08
2026/08/17 13:27:27.377, 0, NVIDIA A100-SXM4-80GB, 33160, 81920, 100, 120.10
2026/08/17 13:27:28.419, 0, NVIDIA A100-SXM4-80GB, 33160, 81920, 100, 265.02
2026/08/17 13:27:29.464, 0, NVIDIA A100-SXM4-80GB, 33160, 81920, 100, 247.94
2026/08/17 13:27:30.503, 0, NVIDIA A100-SXM4-80GB, 33160, 81920, 100, 248.70
2026/08/17 13:27:31.542, 0, NVIDIA A100-SXM4-80GB, 33160, 81920, 100, 269.58
2026/08/17 13:27:32.581, 0, NVIDIA A100-SXM4-80GB, 33160, 81920, 100, 268.98
2026/08/17 13:27:33.620, 0, NVIDIA A100-SXM4-80GB, 33160, 81920, 100, 268.52
2026/08/17 13:27:34.658, 0, NVIDIA A100-SXM4-80GB, 33160, 81920, 100, 250.05
2026/08/17 13:27:35.697, 0, NVIDIA A100-SXM4-80GB, 33160, 81920, 98, 263.44
2026/08/17 13:27:36.734, 0, NVIDIA A100-SXM4-80GB, 33160, 81920, 100, 274.66
2026/08/17 13:27:37.771, 0, NVIDIA A100-SXM4-80GB, 33160, 81920, 100, 259.92
2026/08/17 13:27:38.813, 0, NVIDIA A100-SXM4-80GB, 33160, 81920, 100, 268.73
2026/08/17 13:27:39.851, 0, NVIDIA A100-SXM4-80GB, 33160, 81920, 98, 271.45
2026/08/17 13:27:40.890, 0, NVIDIA A100-SXM4-80GB, 33160, 81920, 100, 234.02
2026/08/17 13:27:41.927, 0, NVIDIA A100-SXM4-80GB, 33160, 81920, 100, 285.32
2026/08/17 13:27:42.970, 0, NVIDIA A100-SXM4-80GB, 33160, 81920, 100, 269.05
2026/08/17 13:27:44.009, 0, NVIDIA A100-SXM4-80GB, 33160, 81920, 100, 263.15
2026/08/17 13:27:45.050, 0, NVIDIA A100-SXM4-80GB, 33160, 81920, 98, 221.74
2026/08/17 13:27:46.088, 0, NVIDIA A100-SXM4-80GB, 33160, 81920, 88, 270.40
2026/08/17 13:27:47.130, 0, NVIDIA A100-SXM4-80GB, 33160, 81920, 100, 246.60
2026/08/17 13:27:48.167, 0, NVIDIA A100-SXM4-80GB, 33160, 81920, 100, 242.04
2026/08/17 13:27:49.213, 0, NVIDIA A100-SXM4-80GB, 33160, 81920, 100, 283.20
2026/08/17 13:27:50.251, 0, NVIDIA A100-SXM4-80GB, 33160, 81920, 100, 276.98
2026/08/17 13:27:51.290, 0, NVIDIA A100-SXM4-80GB, 33160, 81920, 100, 270.08
2026/08/17 13:27:52.341, 0, NVIDIA A100-SXM4-80GB, 33160, 81920, 100, 246.31
2026/08/17 13:27:53.378, 0, NVIDIA A100-SXM4-80GB, 33160, 81920, 100, 262.38
2026/08/17 13:27:54.422, 0, NVIDIA A100-SXM4-80GB, 33160, 81920, 98, 271.69
2026/08/17 13:27:55.459, 0, NVIDIA A100-SXM4-80GB, 33160, 81920, 87, 274.90
2026/08/17 13:27:56.504, 0, NVIDIA A100-SXM4-80GB, 33160, 81920, 100, 235.38
2026/08/17 13:27:57.542, 0, NVIDIA A100-SXM4-80GB, 33160, 81920, 100, 269.79
2026/08/17 13:27:58.582, 0, NVIDIA A100-SXM4-80GB, 33160, 81920, 100, 271.45
2026/08/17 13:27:59.621, 0, NVIDIA A100-SXM4-80GB, 33160, 81920, 100, 231.10
2026/08/17 13:28:00.663, 0, NVIDIA A100-SXM4-80GB, 33160, 81920, 100, 273.00
2026/08/17 13:28:01.702, 0, NVIDIA A100-SXM4-80GB, 33160, 81920, 100, 232.68
2026/08/17 13:28:02.742, 0, NVIDIA A100-SXM4-80GB, 33160, 81920, 100, 247.65
2026/08/17 13:28:03.783, 0, NVIDIA A100-SXM4-80GB, 33160, 81920, 100, 263.13
2026/08/17 13:28:04.820, 0, NVIDIA A100-SXM4-80GB, 33160, 81920, 100, 271.16
2026/08/17 13:28:05.858, 0, NVIDIA A100-SXM4-80GB, 33160, 81920, 100, 257.00
2026/08/17 13:28:06.899, 0, NVIDIA A100-SXM4-80GB, 33160, 81920, 98, 248.18
2026/08/17 13:28:07.938, 0, NVIDIA A100-SXM4-80GB, 33160, 81920, 100, 238.87
2026/08/17 13:28:08.980, 0, NVIDIA A100-SXM4-80GB, 33160, 81920, 100, 272.50
2026/08/17 13:28:10.017, 0, NVIDIA A100-SXM4-80GB, 33160, 81920, 100, 265.02
2026/08/17 13:28:11.058, 0, NVIDIA A100-SXM4-80GB, 33160, 81920, 88, 276.21
2026/08/17 13:28:12.096, 0, NVIDIA A100-SXM4-80GB, 33160, 81920, 100, 242.32
2026/08/17 13:28:13.138, 0, NVIDIA A100-SXM4-80GB, 33160, 81920, 100, 262.07
2026/08/17 13:28:14.177, 0, NVIDIA A100-SXM4-80GB, 33160, 81920, 88, 274.66
2026/08/17 13:28:15.218, 0, NVIDIA A100-SXM4-80GB, 33160, 81920, 100, 255.42
2026/08/17 13:28:16.255, 0, NVIDIA A100-SXM4-80GB, 33160, 81920, 100, 280.81
2026/08/17 13:28:17.295, 0, NVIDIA A100-SXM4-80GB, 33160, 81920, 100, 248.76
2026/08/17 13:28:18.334, 0, NVIDIA A100-SXM4-80GB, 33160, 81920, 100, 283.69
2026/08/17 13:28:19.374, 0, NVIDIA A100-SXM4-80GB, 33160, 81920, 100, 270.92
2026/08/17 13:28:20.413, 0, NVIDIA A100-SXM4-80GB, 33160, 81920, 100, 248.18
2026/08/17 13:28:21.451, 0, NVIDIA A100-SXM4-80GB, 33160, 81920, 100, 248.18
2026/08/17 13:28:22.489, 0, NVIDIA A100-SXM4-80GB, 33160, 81920, 100, 114.72
2026/08/17 13:28:23.528, 0, NVIDIA A100-SXM4-80GB, 33160, 81920, 100, 260.73
2026/08/17 13:28:24.570, 0, NVIDIA A100-SXM4-80GB, 33160, 81920, 100, 242.85
2026/08/17 13:28:25.608, 0, NVIDIA A100-SXM4-80GB, 33160, 81920, 100, 259.93
2026/08/17 13:28:26.647, 0, NVIDIA A100-SXM4-80GB, 33160, 81920, 100, 265.02
2026/08/17 13:28:27.686, 0, NVIDIA A100-SXM4-80GB, 33160, 81920, 100, 259.40
2026/08/17 13:28:28.725, 0, NVIDIA A100-SXM4-80GB, 33160, 81920, 100, 259.40
2026/08/17 13:28:29.763, 0, NVIDIA A100-SXM4-80GB, 33160, 81920, 98, 275.96
2026/08/17 13:28:30.800, 0, NVIDIA A100-SXM4-80GB, 33160, 81920, 100, 259.10
2026/08/17 13:28:31.838, 0, NVIDIA A100-SXM4-80GB, 33160, 81920, 100, 255.42
2026/08/17 13:28:32.879, 0, NVIDIA A100-SXM4-80GB, 33160, 81920, 100, 243.66
2026/08/17 13:28:33.917, 0, NVIDIA A100-SXM4-80GB, 33160, 81920, 87, 245.54
2026/08/17 13:28:34.955, 0, NVIDIA A100-SXM4-80GB, 33160, 81920, 100, 269.58
2026/08/17 13:28:35.997, 0, NVIDIA A100-SXM4-80GB, 33160, 81920, 100, 239.64
2026/08/17 13:28:37.034, 0, NVIDIA A100-SXM4-80GB, 33160, 81920, 100, 267.42
2026/08/17 13:28:38.080, 0, NVIDIA A100-SXM4-80GB, 33160, 81920, 100, 264.18
2026/08/17 13:28:39.118, 0, NVIDIA A100-SXM4-80GB, 33160, 81920, 100, 230.81
2026/08/17 13:28:40.155, 0, NVIDIA A100-SXM4-80GB, 33160, 81920, 100, 271.69
2026/08/17 13:28:41.194, 0, NVIDIA A100-SXM4-80GB, 33160, 81920, 100, 249.81
2026/08/17 13:28:42.232, 0, NVIDIA A100-SXM4-80GB, 33160, 81920, 87, 264.20
2026/08/17 13:28:43.273, 0, NVIDIA A100-SXM4-80GB, 33160, 81920, 100, 267.70
2026/08/17 13:28:44.311, 0, NVIDIA A100-SXM4-80GB, 33160, 81920, 100, 254.60
2026/08/17 13:28:45.356, 0, NVIDIA A100-SXM4-80GB, 33160, 81920, 100, 235.36
2026/08/17 13:28:46.394, 0, NVIDIA A100-SXM4-80GB, 33160, 81920, 100, 266.87
2026/08/17 13:28:47.433, 0, NVIDIA A100-SXM4-80GB, 33160, 81920, 100, 271.16
2026/08/17 13:28:48.471, 0, NVIDIA A100-SXM4-80GB, 33160, 81920, 100, 262.62
2026/08/17 13:28:49.514, 0, NVIDIA A100-SXM4-80GB, 33160, 81920, 100, 256.70
2026/08/17 13:28:50.552, 0, NVIDIA A100-SXM4-80GB, 33160, 81920, 100, 265.53
2026/08/17 13:28:51.598, 0, NVIDIA A100-SXM4-80GB, 33160, 81920, 100, 272.48
2026/08/17 13:28:52.652, 0, NVIDIA A100-SXM4-80GB, 33160, 81920, 100, 242.32
2026/08/17 13:28:53.701, 0, NVIDIA A100-SXM4-80GB, 33160, 81920, 100, 270.84
2026/08/17 13:28:54.752, 0, NVIDIA A100-SXM4-80GB, 33160, 81920, 100, 282.39
2026/08/17 13:28:55.795, 0, NVIDIA A100-SXM4-80GB, 33160, 81920, 100, 262.84
2026/08/17 13:28:56.834, 0, NVIDIA A100-SXM4-80GB, 33160, 81920, 100, 253.50
2026/08/17 13:28:57.875, 0, NVIDIA A100-SXM4-80GB, 33160, 81920, 100, 226.01
2026/08/17 13:28:58.914, 0, NVIDIA A100-SXM4-80GB, 33160, 81920, 100, 279.18
2026/08/17 13:28:59.957, 0, NVIDIA A100-SXM4-80GB, 33160, 81920, 100, 230.57
2026/08/17 13:29:00.993, 0, NVIDIA A100-SXM4-80GB, 33160, 81920, 100, 190.51
2026/08/17 13:29:02.031, 0, NVIDIA A100-SXM4-80GB, 33160, 81920, 100, 243.62
2026/08/17 13:29:03.075, 0, NVIDIA A100-SXM4-80GB, 33160, 81920, 100, 267.64
2026/08/17 13:29:04.114, 0, NVIDIA A100-SXM4-80GB, 33160, 81920, 100, 268.76
2026/08/17 13:29:05.152, 0, NVIDIA A100-SXM4-80GB, 33160, 81920, 98, 252.45
2026/08/17 13:29:06.195, 0, NVIDIA A100-SXM4-80GB, 33160, 81920, 89, 273.00
2026/08/17 13:29:07.232, 0, NVIDIA A100-SXM4-80GB, 33160, 81920, 100, 254.08
2026/08/17 13:29:08.277, 0, NVIDIA A100-SXM4-80GB, 33160, 81920, 100, 277.27
2026/08/17 13:29:09.314, 0, NVIDIA A100-SXM4-80GB, 33160, 81920, 87, 271.45
2026/08/17 13:29:10.353, 0, NVIDIA A100-SXM4-80GB, 33160, 81920, 100, 266.89
2026/08/17 13:29:11.391, 0, NVIDIA A100-SXM4-80GB, 33160, 81920, 98, 270.10
2026/08/17 13:29:12.435, 0, NVIDIA A100-SXM4-80GB, 33160, 81920, 100, 274.66
2026/08/17 13:29:13.472, 0, NVIDIA A100-SXM4-80GB, 33160, 81920, 100, 265.55
2026/08/17 13:29:14.514, 0, NVIDIA A100-SXM4-80GB, 33160, 81920, 98, 266.65
2026/08/17 13:29:15.553, 0, NVIDIA A100-SXM4-80GB, 33160, 81920, 100, 281.53
2026/08/17 13:29:16.596, 0, NVIDIA A100-SXM4-80GB, 33160, 81920, 100, 275.43
2026/08/17 13:29:17.634, 0, NVIDIA A100-SXM4-80GB, 33160, 81920, 100, 268.52
2026/08/17 13:29:18.677, 0, NVIDIA A100-SXM4-80GB, 33160, 81920, 98, 238.06
2026/08/17 13:29:19.716, 0, NVIDIA A100-SXM4-80GB, 33160, 81920, 98, 257.82
2026/08/17 13:29:20.755, 0, NVIDIA A100-SXM4-80GB, 33160, 81920, 100, 272.80
2026/08/17 13:29:21.792, 0, NVIDIA A100-SXM4-80GB, 33160, 81920, 100, 271.95
2026/08/17 13:29:22.832, 0, NVIDIA A100-SXM4-80GB, 33160, 81920, 100, 244.15
2026/08/17 13:29:23.868, 0, NVIDIA A100-SXM4-80GB, 33160, 81920, 77, 92.42
2026/08/17 13:29:24.912, 0, NVIDIA A100-SXM4-80GB, 33160, 81920, 100, 263.89
2026/08/17 13:29:25.952, 0, NVIDIA A100-SXM4-80GB, 33160, 81920, 96, 267.18
2026/08/17 13:29:26.989, 0, NVIDIA A100-SXM4-80GB, 33160, 81920, 100, 248.76
2026/08/17 13:29:28.025, 0, NVIDIA A100-SXM4-80GB, 33160, 81920, 79, 205.42
2026/08/17 13:29:29.063, 0, NVIDIA A100-SXM4-80GB, 33160, 81920, 100, 254.90
2026/08/17 13:29:30.103, 0, NVIDIA A100-SXM4-80GB, 33160, 81920, 100, 269.79
2026/08/17 13:29:31.142, 0, NVIDIA A100-SXM4-80GB, 33160, 81920, 100, 260.22
2026/08/17 13:29:32.183, 0, NVIDIA A100-SXM4-80GB, 33160, 81920, 87, 265.84
2026/08/17 13:29:33.220, 0, NVIDIA A100-SXM4-80GB, 33160, 81920, 100, 272.27
2026/08/17 13:29:34.264, 0, NVIDIA A100-SXM4-80GB, 33160, 81920, 100, 246.88
2026/08/17 13:29:35.302, 0, NVIDIA A100-SXM4-80GB, 33160, 81920, 98, 248.70
2026/08/17 13:29:36.341, 0, NVIDIA A100-SXM4-80GB, 33160, 81920, 100, 263.68
2026/08/17 13:29:37.378, 0, NVIDIA A100-SXM4-80GB, 33160, 81920, 98, 273.32
2026/08/17 13:29:38.417, 0, NVIDIA A100-SXM4-80GB, 33160, 81920, 100, 253.02
2026/08/17 13:29:39.456, 0, NVIDIA A100-SXM4-80GB, 33160, 81920, 100, 263.44
2026/08/17 13:29:40.496, 0, NVIDIA A100-SXM4-80GB, 33160, 81920, 100, 228.43
2026/08/17 13:29:41.538, 0, NVIDIA A100-SXM4-80GB, 33160, 81920, 98, 260.73
2026/08/17 13:29:42.576, 0, NVIDIA A100-SXM4-80GB, 33160, 81920, 97, 271.14
2026/08/17 13:29:43.614, 0, NVIDIA A100-SXM4-80GB, 33160, 81920, 87, 275.96
2026/08/17 13:29:44.653, 0, NVIDIA A100-SXM4-80GB, 33160, 81920, 100, 269.05
2026/08/17 13:29:45.691, 0, NVIDIA A100-SXM4-80GB, 33160, 81920, 100, 281.34
2026/08/17 13:29:46.761, 0, NVIDIA A100-SXM4-80GB, 33160, 81920, 100, 255.36
2026/08/17 13:29:47.798, 0, NVIDIA A100-SXM4-80GB, 33160, 81920, 100, 265.31
2026/08/17 13:29:48.839, 0, NVIDIA A100-SXM4-80GB, 33160, 81920, 100, 270.92
2026/08/17 13:29:49.876, 0, NVIDIA A100-SXM4-80GB, 33160, 81920, 100, 253.02
2026/08/17 13:29:50.916, 0, NVIDIA A100-SXM4-80GB, 33160, 81920, 100, 277.30
2026/08/17 13:29:51.954, 0, NVIDIA A100-SXM4-80GB, 33160, 81920, 100, 266.36
2026/08/17 13:29:52.999, 0, NVIDIA A100-SXM4-80GB, 33160, 81920, 100, 258.06
2026/08/17 13:29:54.037, 0, NVIDIA A100-SXM4-80GB, 33160, 81920, 100, 237.76
2026/08/17 13:29:55.082, 0, NVIDIA A100-SXM4-80GB, 33160, 81920, 100, 246.60
2026/08/17 13:29:56.120, 0, NVIDIA A100-SXM4-80GB, 33160, 81920, 100, 239.40
2026/08/17 13:29:57.163, 0, NVIDIA A100-SXM4-80GB, 33160, 81920, 87, 276.54
2026/08/17 13:29:58.201, 0, NVIDIA A100-SXM4-80GB, 33160, 81920, 100, 251.10
2026/08/17 13:29:59.239, 0, NVIDIA A100-SXM4-80GB, 33160, 81920, 100, 257.23
2026/08/17 13:30:00.275, 0, NVIDIA A100-SXM4-80GB, 33160, 81920, 100, 272.71
2026/08/17 13:30:01.319, 0, NVIDIA A100-SXM4-80GB, 33160, 81920, 100, 269.79
2026/08/17 13:30:02.357, 0, NVIDIA A100-SXM4-80GB, 33160, 81920, 100, 274.87
2026/08/17 13:30:03.399, 0, NVIDIA A100-SXM4-80GB, 33160, 81920, 100, 251.40
2026/08/17 13:30:04.438, 0, NVIDIA A100-SXM4-80GB, 33160, 81920, 100, 261.49
2026/08/17 13:30:05.479, 0, NVIDIA A100-SXM4-80GB, 33160, 81920, 97, 267.95
2026/08/17 13:30:06.517, 0, NVIDIA A100-SXM4-80GB, 33160, 81920, 87, 267.64
2026/08/17 13:30:07.557, 0, NVIDIA A100-SXM4-80GB, 33160, 81920, 100, 250.86
2026/08/17 13:30:08.596, 0, NVIDIA A100-SXM4-80GB, 33160, 81920, 100, 253.78
2026/08/17 13:30:09.634, 0, NVIDIA A100-SXM4-80GB, 33160, 81920, 100, 270.60
2026/08/17 13:30:10.675, 0, NVIDIA A100-SXM4-80GB, 33160, 81920, 100, 252.21
2026/08/17 13:30:11.714, 0, NVIDIA A100-SXM4-80GB, 33160, 81920, 100, 278.94
2026/08/17 13:30:12.754, 0, NVIDIA A100-SXM4-80GB, 33160, 81920, 100, 275.43
2026/08/17 13:30:13.798, 0, NVIDIA A100-SXM4-80GB, 33160, 81920, 98, 268.45
2026/08/17 13:30:14.836, 0, NVIDIA A100-SXM4-80GB, 33160, 81920, 100, 267.18
2026/08/17 13:30:15.881, 0, NVIDIA A100-SXM4-80GB, 33160, 81920, 100, 235.90
2026/08/17 13:30:16.918, 0, NVIDIA A100-SXM4-80GB, 33160, 81920, 98, 256.77
2026/08/17 13:30:17.963, 0, NVIDIA A100-SXM4-80GB, 33160, 81920, 87, 269.05
2026/08/17 13:30:19.001, 0, NVIDIA A100-SXM4-80GB, 33160, 81920, 100, 261.04
2026/08/17 13:30:20.040, 0, NVIDIA A100-SXM4-80GB, 33160, 81920, 100, 259.70
2026/08/17 13:30:21.078, 0, NVIDIA A100-SXM4-80GB, 33160, 81920, 100, 270.32
2026/08/17 13:30:22.117, 0, NVIDIA A100-SXM4-80GB, 33160, 81920, 100, 260.97
2026/08/17 13:30:23.157, 0, NVIDIA A100-SXM4-80GB, 33160, 81920, 100, 253.55
2026/08/17 13:30:24.200, 0, NVIDIA A100-SXM4-80GB, 33160, 81920, 100, 273.53
2026/08/17 13:30:25.238, 0, NVIDIA A100-SXM4-80GB, 33160, 81920, 100, 250.33
2026/08/17 13:30:26.278, 0, NVIDIA A100-SXM4-80GB, 33160, 81920, 100, 119.00
2026/08/17 13:30:27.315, 0, NVIDIA A100-SXM4-80GB, 33160, 81920, 100, 282.59
2026/08/17 13:30:28.352, 0, NVIDIA A100-SXM4-80GB, 33160, 81920, 100, 279.14
2026/08/17 13:30:29.393, 0, NVIDIA A100-SXM4-80GB, 33160, 81920, 100, 271.66
2026/08/17 13:30:30.431, 0, NVIDIA A100-SXM4-80GB, 33160, 81920, 100, 266.87
2026/08/17 13:30:31.471, 0, NVIDIA A100-SXM4-80GB, 33160, 81920, 100, 227.37
2026/08/17 13:30:32.512, 0, NVIDIA A100-SXM4-80GB, 33160, 81920, 100, 266.65
2026/08/17 13:30:33.549, 0, NVIDIA A100-SXM4-80GB, 33160, 81920, 100, 248.99
2026/08/17 13:30:34.591, 0, NVIDIA A100-SXM4-80GB, 33160, 81920, 87, 92.42
2026/08/17 13:30:35.641, 0, NVIDIA A100-SXM4-80GB, 33160, 81920, 88, 285.27
2026/08/17 13:30:36.679, 0, NVIDIA A100-SXM4-80GB, 33160, 81920, 100, 240.98
2026/08/17 13:30:37.721, 0, NVIDIA A100-SXM4-80GB, 33160, 81920, 100, 264.47
2026/08/17 13:30:38.758, 0, NVIDIA A100-SXM4-80GB, 33160, 81920, 100, 260.22
2026/08/17 13:30:39.803, 0, NVIDIA A100-SXM4-80GB, 33160, 81920, 100, 269.05
2026/08/17 13:30:40.839, 0, NVIDIA A100-SXM4-80GB, 33160, 81920, 100, 254.84
2026/08/17 13:30:41.883, 0, NVIDIA A100-SXM4-80GB, 33160, 81920, 100, 258.06
2026/08/17 13:30:42.920, 0, NVIDIA A100-SXM4-80GB, 33160, 81920, 100, 268.52
2026/08/17 13:30:43.961, 0, NVIDIA A100-SXM4-80GB, 33160, 81920, 100, 270.64
2026/08/17 13:30:44.998, 0, NVIDIA A100-SXM4-80GB, 33160, 81920, 100, 244.20
2026/08/17 13:30:46.037, 0, NVIDIA A100-SXM4-80GB, 33160, 81920, 100, 243.38
2026/08/17 13:30:47.075, 0, NVIDIA A100-SXM4-80GB, 33160, 81920, 84, 274.14
2026/08/17 13:30:48.112, 0, NVIDIA A100-SXM4-80GB, 33160, 81920, 100, 260.45
2026/08/17 13:30:49.156, 0, NVIDIA A100-SXM4-80GB, 33160, 81920, 100, 271.95
2026/08/17 13:30:50.193, 0, NVIDIA A100-SXM4-80GB, 33160, 81920, 100, 268.76
2026/08/17 13:30:51.230, 0, NVIDIA A100-SXM4-80GB, 33160, 81920, 100, 275.93
2026/08/17 13:30:52.275, 0, NVIDIA A100-SXM4-80GB, 33160, 81920, 99, 252.45
2026/08/17 13:30:53.314, 0, NVIDIA A100-SXM4-80GB, 33160, 81920, 98, 239.40
2026/08/17 13:30:54.352, 0, NVIDIA A100-SXM4-80GB, 33160, 81920, 100, 247.65
2026/08/17 13:30:55.390, 0, NVIDIA A100-SXM4-80GB, 33160, 81920, 91, 262.31
2026/08/17 13:30:56.431, 0, NVIDIA A100-SXM4-80GB, 33160, 81920, 98, 261.49
2026/08/17 13:30:57.470, 0, NVIDIA A100-SXM4-80GB, 33160, 81920, 99, 254.32
2026/08/17 13:30:58.514, 0, NVIDIA A100-SXM4-80GB, 33160, 81920, 100, 285.80
2026/08/17 13:30:59.552, 0, NVIDIA A100-SXM4-80GB, 33160, 81920, 56, 265.84
2026/08/17 13:31:00.593, 0, NVIDIA A100-SXM4-80GB, 33160, 81920, 98, 276.21
2026/08/17 13:31:01.630, 0, NVIDIA A100-SXM4-80GB, 33160, 81920, 100, 261.49
2026/08/17 13:31:02.674, 0, NVIDIA A100-SXM4-80GB, 33160, 81920, 100, 260.51
2026/08/17 13:31:03.717, 0, NVIDIA A100-SXM4-80GB, 33160, 81920, 100, 263.89
2026/08/17 13:31:04.757, 0, NVIDIA A100-SXM4-80GB, 33160, 81920, 98, 274.06
2026/08/17 13:31:05.795, 0, NVIDIA A100-SXM4-80GB, 33160, 81920, 100, 262.07
2026/08/17 13:31:06.836, 0, NVIDIA A100-SXM4-80GB, 33160, 81920, 98, 239.64
2026/08/17 13:31:07.874, 0, NVIDIA A100-SXM4-80GB, 33160, 81920, 86, 274.87
2026/08/17 13:31:08.914, 0, NVIDIA A100-SXM4-80GB, 33160, 81920, 100, 281.82
2026/08/17 13:31:09.951, 0, NVIDIA A100-SXM4-80GB, 33160, 81920, 88, 268.73
2026/08/17 13:31:10.996, 0, NVIDIA A100-SXM4-80GB, 33160, 81920, 88, 269.58
2026/08/17 13:31:12.037, 0, NVIDIA A100-SXM4-80GB, 33160, 81920, 100, 248.18
2026/08/17 13:31:13.076, 0, NVIDIA A100-SXM4-80GB, 33160, 81920, 97, 261.56
2026/08/17 13:31:14.113, 0, NVIDIA A100-SXM4-80GB, 33160, 81920, 100, 272.48
2026/08/17 13:31:15.151, 0, NVIDIA A100-SXM4-80GB, 33160, 81920, 100, 276.21
2026/08/17 13:31:16.188, 0, NVIDIA A100-SXM4-80GB, 33160, 81920, 100, 261.79
2026/08/17 13:31:17.229, 0, NVIDIA A100-SXM4-80GB, 33160, 81920, 100, 267.39
2026/08/17 13:31:18.269, 0, NVIDIA A100-SXM4-80GB, 33160, 81920, 100, 263.15
2026/08/17 13:31:19.308, 0, NVIDIA A100-SXM4-80GB, 33160, 81920, 98, 263.96
2026/08/17 13:31:20.352, 0, NVIDIA A100-SXM4-80GB, 33160, 81920, 100, 288.82
2026/08/17 13:31:21.390, 0, NVIDIA A100-SXM4-80GB, 33160, 81920, 100, 260.73
2026/08/17 13:31:22.432, 0, NVIDIA A100-SXM4-80GB, 33160, 81920, 98, 249.23
2026/08/17 13:31:23.469, 0, NVIDIA A100-SXM4-80GB, 33160, 81920, 88, 239.36
2026/08/17 13:31:24.509, 0, NVIDIA A100-SXM4-80GB, 33160, 81920, 100, 266.58
2026/08/17 13:31:25.547, 0, NVIDIA A100-SXM4-80GB, 33160, 81920, 98, 270.92
2026/08/17 13:31:26.585, 0, NVIDIA A100-SXM4-80GB, 33160, 81920, 100, 263.15
2026/08/17 13:31:27.622, 0, NVIDIA A100-SXM4-80GB, 33160, 81920, 98, 269.29
2026/08/17 13:31:28.661, 0, NVIDIA A100-SXM4-80GB, 33160, 81920, 100, 236.42
2026/08/17 13:31:29.699, 0, NVIDIA A100-SXM4-80GB, 33160, 81920, 100, 269.05
2026/08/17 13:31:30.735, 0, NVIDIA A100-SXM4-80GB, 33160, 81920, 100, 274.66
2026/08/17 13:31:31.777, 0, NVIDIA A100-SXM4-80GB, 33160, 81920, 100, 269.82
2026/08/17 13:31:32.816, 0, NVIDIA A100-SXM4-80GB, 33160, 81920, 100, 246.31
2026/08/17 13:31:33.854, 0, NVIDIA A100-SXM4-80GB, 33160, 81920, 100, 253.78
2026/08/17 13:31:34.894, 0, NVIDIA A100-SXM4-80GB, 33160, 81920, 98, 249.28
2026/08/17 13:31:35.931, 0, NVIDIA A100-SXM4-80GB, 33160, 81920, 100, 249.81
2026/08/17 13:31:36.969, 0, NVIDIA A100-SXM4-80GB, 33160, 81920, 100, 254.31
2026/08/17 13:31:38.007, 0, NVIDIA A100-SXM4-80GB, 33160, 81920, 100, 260.22
2026/08/17 13:31:39.044, 0, NVIDIA A100-SXM4-80GB, 33160, 81920, 98, 263.15
2026/08/17 13:31:40.082, 0, NVIDIA A100-SXM4-80GB, 33160, 81920, 88, 287.38
2026/08/17 13:31:41.125, 0, NVIDIA A100-SXM4-80GB, 33160, 81920, 100, 271.66
2026/08/17 13:31:42.163, 0, NVIDIA A100-SXM4-80GB, 33160, 81920, 87, 269.05
2026/08/17 13:31:43.200, 0, NVIDIA A100-SXM4-80GB, 33160, 81920, 100, 277.83
2026/08/17 13:31:44.240, 0, NVIDIA A100-SXM4-80GB, 33160, 81920, 100, 288.00
2026/08/17 13:31:45.278, 0, NVIDIA A100-SXM4-80GB, 33160, 81920, 100, 261.80
2026/08/17 13:31:46.315, 0, NVIDIA A100-SXM4-80GB, 33160, 81920, 100, 260.75
2026/08/17 13:31:47.356, 0, NVIDIA A100-SXM4-80GB, 33160, 81920, 100, 265.31
2026/08/17 13:31:48.398, 0, NVIDIA A100-SXM4-80GB, 33160, 81920, 98, 250.34
2026/08/17 13:31:49.436, 0, NVIDIA A100-SXM4-80GB, 33160, 81920, 87, 272.80
2026/08/17 13:31:50.475, 0, NVIDIA A100-SXM4-80GB, 33160, 81920, 100, 111.95
2026/08/17 13:31:51.513, 0, NVIDIA A100-SXM4-80GB, 33160, 81920, 87, 261.49
2026/08/17 13:31:52.555, 0, NVIDIA A100-SXM4-80GB, 33160, 81920, 87, 276.21
2026/08/17 13:31:53.593, 0, NVIDIA A100-SXM4-80GB, 33160, 81920, 82, 116.60
2026/08/17 13:31:54.633, 0, NVIDIA A100-SXM4-80GB, 33160, 81920, 100, 270.84
2026/08/17 13:31:55.671, 0, NVIDIA A100-SXM4-80GB, 33160, 81920, 100, 253.79
2026/08/17 13:31:56.708, 0, NVIDIA A100-SXM4-80GB, 33160, 81920, 100, 267.11
2026/08/17 13:31:57.748, 0, NVIDIA A100-SXM4-80GB, 33160, 81920, 100, 242.32
2026/08/17 13:31:58.787, 0, NVIDIA A100-SXM4-80GB, 33160, 81920, 100, 266.36
2026/08/17 13:31:59.831, 0, NVIDIA A100-SXM4-80GB, 33160, 81920, 87, 272.50
2026/08/17 13:32:00.869, 0, NVIDIA A100-SXM4-80GB, 33160, 81920, 100, 257.54
2026/08/17 13:32:01.912, 0, NVIDIA A100-SXM4-80GB, 33160, 81920, 100, 252.45
2026/08/17 13:32:02.949, 0, NVIDIA A100-SXM4-80GB, 33160, 81920, 100, 258.58
2026/08/17 13:32:03.986, 0, NVIDIA A100-SXM4-80GB, 33160, 81920, 100, 253.26
2026/08/17 13:32:05.025, 0, NVIDIA A100-SXM4-80GB, 33160, 81920, 100, 274.87
2026/08/17 13:32:06.062, 0, NVIDIA A100-SXM4-80GB, 33160, 81920, 100, 249.23
2026/08/17 13:32:07.100, 0, NVIDIA A100-SXM4-80GB, 33160, 81920, 100, 232.44
2026/08/17 13:32:08.140, 0, NVIDIA A100-SXM4-80GB, 33160, 81920, 100, 251.40
2026/08/17 13:32:09.178, 0, NVIDIA A100-SXM4-80GB, 33160, 81920, 100, 257.00
2026/08/17 13:32:10.223, 0, NVIDIA A100-SXM4-80GB, 33160, 81920, 100, 270.10
2026/08/17 13:32:11.260, 0, NVIDIA A100-SXM4-80GB, 33160, 81920, 100, 262.10
2026/08/17 13:32:12.305, 0, NVIDIA A100-SXM4-80GB, 33160, 81920, 100, 278.94
2026/08/17 13:32:13.343, 0, NVIDIA A100-SXM4-80GB, 33160, 81920, 100, 282.15
2026/08/17 13:32:14.380, 0, NVIDIA A100-SXM4-80GB, 33160, 81920, 100, 250.86
2026/08/17 13:32:15.418, 0, NVIDIA A100-SXM4-80GB, 33160, 81920, 87, 269.29
2026/08/17 13:32:16.457, 0, NVIDIA A100-SXM4-80GB, 33160, 81920, 100, 260.75
2026/08/17 13:32:17.497, 0, NVIDIA A100-SXM4-80GB, 33160, 81920, 100, 138.79
2026/08/17 13:32:18.540, 0, NVIDIA A100-SXM4-80GB, 33160, 81920, 100, 236.96
2026/08/17 13:32:19.577, 0, NVIDIA A100-SXM4-80GB, 33160, 81920, 98, 259.40
2026/08/17 13:32:20.631, 0, NVIDIA A100-SXM4-80GB, 33160, 81920, 98, 275.43
2026/08/17 13:32:21.723, 0, NVIDIA A100-SXM4-80GB, 33160, 81920, 74, 277.06
2026/08/17 13:32:22.762, 0, NVIDIA A100-SXM4-80GB, 33160, 81920, 100, 280.81
2026/08/17 13:32:23.799, 0, NVIDIA A100-SXM4-80GB, 33160, 81920, 100, 236.43
2026/08/17 13:32:24.839, 0, NVIDIA A100-SXM4-80GB, 33160, 81920, 100, 258.64
2026/08/17 13:32:25.876, 0, NVIDIA A100-SXM4-80GB, 33160, 81920, 100, 281.53
2026/08/17 13:32:26.919, 0, NVIDIA A100-SXM4-80GB, 33160, 81920, 100, 271.98
2026/08/17 13:32:27.959, 0, NVIDIA A100-SXM4-80GB, 33160, 81920, 100, 267.70
2026/08/17 13:32:29.002, 0, NVIDIA A100-SXM4-80GB, 33160, 81920, 100, 254.60
2026/08/17 13:32:30.040, 0, NVIDIA A100-SXM4-80GB, 33160, 81920, 100, 258.88
2026/08/17 13:32:31.081, 0, NVIDIA A100-SXM4-80GB, 33160, 81920, 98, 259.93
2026/08/17 13:32:32.119, 0, NVIDIA A100-SXM4-80GB, 33160, 81920, 100, 260.20
2026/08/17 13:32:33.161, 0, NVIDIA A100-SXM4-80GB, 33160, 81920, 0, 93.47
2026/08/17 13:32:34.207, 0, NVIDIA A100-SXM4-80GB, 33160, 81920, 0, 90.94
